post_id,user_id,post_type,content,recipient_id,visibility,post_time
1,117,story,consectetur adipiscing elit.,456,1,2/29/2024
2,279,story,Sed do eiusmod tempor incididunt ut labore et dolore magna aliqua.,789,1,2/29/2024
3,350,story,quis nostrud exercitation ullamco laboris nisi ut aliquip ex ea commodo consequat.,789,0,2/29/2024
4,293,message,Sed do eiusmod tempor incididunt ut labore et dolore magna aliqua.,789,1,2/29/2024
5,324,story,quis nostrud exercitation ullamco laboris nisi ut aliquip ex ea commodo consequat.,123,0,2/29/2024
6,40,message,quis nostrud exercitation ullamco laboris nisi ut aliquip ex ea commodo consequat.,789,0,2/29/2024
7,395,story,quis nostrud exercitation ullamco laboris nisi ut aliquip ex ea commodo consequat.,456,0,2/29/2024
8,647,story,consectetur adipiscing elit.,NULL,1,2/29/2024
9,352,message,quis nostrud exercitation ullamco laboris nisi ut aliquip ex ea commodo consequat.,123,0,2/29/2024
10,344,story,quis nostrud exercitation ullamco laboris nisi ut aliquip ex ea commodo consequat.,NULL,0,2/29/2024
11,976,story,Lorem ipsum dolor sit amet,NULL,0,2/29/2024
12,975,story,Lorem ipsum dolor sit amet,789,0,2/29/2024
13,823,story,quis nostrud exercitation ullamco laboris nisi ut aliquip ex ea commodo consequat.,789,0,2/29/2024
14,884,story,consectetur adipiscing elit.,123,0,2/29/2024
15,269,message,Sed do eiusmod tempor incididunt ut labore et dolore magna aliqua.,789,0,2/29/2024
16,9,message,quis nostrud exercitation ullamco laboris nisi ut aliquip ex ea commodo consequat.,123,0,2/29/2024
17,985,message,Sed do eiusmod tempor incididunt ut labore et dolore magna aliqua.,456,0,2/29/2024
18,226,message,consectetur adipiscing elit.,789,0,2/29/2024
19,459,story,quis nostrud exercitation ullamco laboris nisi ut aliquip ex ea commodo consequat.,123,1,2/29/2024
20,235,message,Lorem ipsum dolor sit amet,NULL,1,2/29/2024
21,94,story,quis nostrud exercitation ullamco laboris nisi ut aliquip ex ea commodo consequat.,NULL,1,2/29/2024
22,572,story,consectetur adipiscing elit.,789,0,2/29/2024
23,837,story,Ut enim ad minim veniam,123,0,2/29/2024
24,709,story,Lorem ipsum dolor sit amet,123,0,2/29/2024
25,88,message,consectetur adipiscing elit.,456,1,2/29/2024
26,764,message,Ut enim ad minim veniam,456,0,2/29/2024
27,464,message,quis nostrud exercitation ullamco laboris nisi ut aliquip ex ea commodo consequat.,456,1,2/29/2024
28,359,message,Ut enim ad minim veniam,123,1,2/29/2024
29,880,story,Lorem ipsum dolor sit amet,NULL,0,2/29/2024
30,190,story,Ut enim ad minim veniam,789,1,2/29/2024
31,234,message,Sed do eiusmod tempor incididunt ut labore et dolore magna aliqua.,123,1,2/29/2024
32,607,message,Sed do eiusmod tempor incididunt ut labore et dolore magna aliqua.,789,1,2/29/2024
33,510,story,Ut enim ad minim veniam,456,0,2/29/2024
34,697,story,Sed do eiusmod tempor incididunt ut labore et dolore magna aliqua.,123,0,2/29/2024
35,790,message,quis nostrud exercitation ullamco laboris nisi ut aliquip ex ea commodo consequat.,456,0,2/29/2024
36,930,message,quis nostrud exercitation ullamco laboris nisi ut aliquip ex ea commodo consequat.,789,0,2/29/2024
37,725,message,Sed do eiusmod tempor incididunt ut labore et dolore magna aliqua.,456,0,2/29/2024
38,267,message,Lorem ipsum dolor sit amet,789,1,2/29/2024
39,351,message,Ut enim ad minim veniam,789,1,2/29/2024
40,946,message,quis nostrud exercitation ullamco laboris nisi ut aliquip ex ea commodo consequat.,456,1,2/29/2024
41,135,story,Ut enim ad minim veniam,789,0,2/29/2024
42,437,story,Lorem ipsum dolor sit amet,NULL,0,2/29/2024
43,135,story,Lorem ipsum dolor sit amet,789,1,2/29/2024
44,467,story,Sed do eiusmod tempor incididunt ut labore et dolore magna aliqua.,123,1,2/29/2024
45,542,message,Lorem ipsum dolor sit amet,456,0,2/29/2024
46,631,message,Lorem ipsum dolor sit amet,789,1,2/29/2024
47,433,story,Ut enim ad minim veniam,789,0,2/29/2024
48,640,story,Ut enim ad minim veniam,NULL,1,2/29/2024
49,290,story,Lorem ipsum dolor sit amet,789,1,2/29/2024
50,178,message,consectetur adipiscing elit.,789,1,2/29/2024
51,457,message,quis nostrud exercitation ullamco laboris nisi ut aliquip ex ea commodo consequat.,NULL,0,2/29/2024
52,968,story,consectetur adipiscing elit.,789,0,2/29/2024
53,665,message,Lorem ipsum dolor sit amet,NULL,0,2/29/2024
54,733,message,Ut enim ad minim veniam,789,0,2/29/2024
55,956,story,consectetur adipiscing elit.,456,0,2/29/2024
56,333,story,Lorem ipsum dolor sit amet,NULL,0,2/29/2024
57,56,story,consectetur adipiscing elit.,123,1,2/29/2024
58,211,story,Lorem ipsum dolor sit amet,456,0,2/29/2024
59,119,story,Lorem ipsum dolor sit amet,NULL,0,2/29/2024
60,733,story,Lorem ipsum dolor sit amet,789,1,2/29/2024
61,966,message,quis nostrud exercitation ullamco laboris nisi ut aliquip ex ea commodo consequat.,789,0,2/29/2024
62,118,story,consectetur adipiscing elit.,789,0,2/29/2024
63,541,message,consectetur adipiscing elit.,789,1,2/29/2024
64,516,story,quis nostrud exercitation ullamco laboris nisi ut aliquip ex ea commodo consequat.,789,1,2/29/2024
65,376,story,Ut enim ad minim veniam,123,1,2/29/2024
66,682,message,quis nostrud exercitation ullamco laboris nisi ut aliquip ex ea commodo consequat.,789,1,2/29/2024
67,67,story,Lorem ipsum dolor sit amet,123,0,2/29/2024
68,857,story,Lorem ipsum dolor sit amet,NULL,0,2/29/2024
69,212,story,consectetur adipiscing elit.,123,1,2/29/2024
70,427,story,Ut enim ad minim veniam,789,0,2/29/2024
71,527,story,consectetur adipiscing elit.,123,0,2/29/2024
72,819,story,consectetur adipiscing elit.,456,0,2/29/2024
73,932,story,Lorem ipsum dolor sit amet,123,0,2/29/2024
74,905,story,Lorem ipsum dolor sit amet,NULL,1,2/29/2024
75,916,message,Sed do eiusmod tempor incididunt ut labore et dolore magna aliqua.,456,0,2/29/2024
76,748,message,consectetur adipiscing elit.,456,1,2/29/2024
77,773,story,consectetur adipiscing elit.,123,0,2/29/2024
78,457,story,Ut enim ad minim veniam,456,1,2/29/2024
79,741,message,Lorem ipsum dolor sit amet,789,1,2/29/2024
80,24,message,Ut enim ad minim veniam,456,0,2/29/2024
81,587,story,quis nostrud exercitation ullamco laboris nisi ut aliquip ex ea commodo consequat.,789,1,2/29/2024
82,613,message,quis nostrud exercitation ullamco laboris nisi ut aliquip ex ea commodo consequat.,789,0,2/29/2024
83,38,message,Lorem ipsum dolor sit amet,456,1,2/29/2024
84,494,message,consectetur adipiscing elit.,NULL,1,2/29/2024
85,121,story,Ut enim ad minim veniam,123,0,2/29/2024
86,48,story,Sed do eiusmod tempor incididunt ut labore et dolore magna aliqua.,456,1,2/29/2024
87,528,message,Sed do eiusmod tempor incididunt ut labore et dolore magna aliqua.,123,0,2/29/2024
88,708,story,Ut enim ad minim veniam,456,1,2/29/2024
89,242,story,Ut enim ad minim veniam,789,0,2/29/2024
90,29,story,Sed do eiusmod tempor incididunt ut labore et dolore magna aliqua.,123,0,2/29/2024
91,143,message,Ut enim ad minim veniam,456,0,2/29/2024
92,847,story,Sed do eiusmod tempor incididunt ut labore et dolore magna aliqua.,123,0,2/29/2024
93,704,story,Ut enim ad minim veniam,456,1,2/29/2024
94,36,story,quis nostrud exercitation ullamco laboris nisi ut aliquip ex ea commodo consequat.,123,1,2/29/2024
95,304,story,Sed do eiusmod tempor incididunt ut labore et dolore magna aliqua.,123,1,2/29/2024
96,189,message,Sed do eiusmod tempor incididunt ut labore et dolore magna aliqua.,123,0,2/29/2024
97,16,story,quis nostrud exercitation ullamco laboris nisi ut aliquip ex ea commodo consequat.,456,0,2/29/2024
98,669,story,Lorem ipsum dolor sit amet,NULL,1,2/29/2024
99,846,message,consectetur adipiscing elit.,123,0,2/29/2024
100,354,story,Sed do eiusmod tempor incididunt ut labore et dolore magna aliqua.,789,1,2/29/2024
101,982,message,quis nostrud exercitation ullamco laboris nisi ut aliquip ex ea commodo consequat.,NULL,1,2/29/2024
102,157,story,Ut enim ad minim veniam,456,1,2/29/2024
103,827,story,quis nostrud exercitation ullamco laboris nisi ut aliquip ex ea commodo consequat.,789,0,2/29/2024
104,651,story,quis nostrud exercitation ullamco laboris nisi ut aliquip ex ea commodo consequat.,123,0,2/29/2024
105,842,story,quis nostrud exercitation ullamco laboris nisi ut aliquip ex ea commodo consequat.,789,1,2/29/2024
106,675,story,Ut enim ad minim veniam,456,1,2/29/2024
107,808,message,Ut enim ad minim veniam,456,0,2/29/2024
108,84,story,quis nostrud exercitation ullamco laboris nisi ut aliquip ex ea commodo consequat.,789,1,2/29/2024
109,441,message,Ut enim ad minim veniam,789,1,2/29/2024
110,977,story,Sed do eiusmod tempor incididunt ut labore et dolore magna aliqua.,123,0,2/29/2024
111,917,message,quis nostrud exercitation ullamco laboris nisi ut aliquip ex ea commodo consequat.,789,1,2/29/2024
112,181,message,consectetur adipiscing elit.,123,1,2/29/2024
113,234,story,Lorem ipsum dolor sit amet,123,0,2/29/2024
114,991,story,Sed do eiusmod tempor incididunt ut labore et dolore magna aliqua.,456,1,2/29/2024
115,708,message,Sed do eiusmod tempor incididunt ut labore et dolore magna aliqua.,456,0,2/29/2024
116,250,story,Sed do eiusmod tempor incididunt ut labore et dolore magna aliqua.,NULL,1,2/29/2024
117,168,message,Sed do eiusmod tempor incididunt ut labore et dolore magna aliqua.,123,0,2/29/2024
118,655,story,Ut enim ad minim veniam,789,1,2/29/2024
119,100,message,Lorem ipsum dolor sit amet,456,1,2/29/2024
120,235,story,quis nostrud exercitation ullamco laboris nisi ut aliquip ex ea commodo consequat.,789,0,2/29/2024
121,33,story,consectetur adipiscing elit.,NULL,0,2/29/2024
122,536,story,Lorem ipsum dolor sit amet,NULL,0,2/29/2024
123,626,story,quis nostrud exercitation ullamco laboris nisi ut aliquip ex ea commodo consequat.,123,0,2/29/2024
124,311,message,quis nostrud exercitation ullamco laboris nisi ut aliquip ex ea commodo consequat.,456,0,2/29/2024
125,803,story,Sed do eiusmod tempor incididunt ut labore et dolore magna aliqua.,123,0,2/29/2024
126,704,story,quis nostrud exercitation ullamco laboris nisi ut aliquip ex ea commodo consequat.,123,0,2/29/2024
127,679,story,Ut enim ad minim veniam,NULL,1,2/29/2024
128,708,story,Ut enim ad minim veniam,456,0,2/29/2024
129,156,message,Ut enim ad minim veniam,789,1,2/29/2024
130,620,message,consectetur adipiscing elit.,456,1,2/29/2024
131,705,message,quis nostrud exercitation ullamco laboris nisi ut aliquip ex ea commodo consequat.,456,1,2/29/2024
132,95,message,consectetur adipiscing elit.,456,1,2/29/2024
133,801,message,quis nostrud exercitation ullamco laboris nisi ut aliquip ex ea commodo consequat.,456,0,2/29/2024
134,439,message,Lorem ipsum dolor sit amet,789,0,2/29/2024
135,109,story,consectetur adipiscing elit.,789,1,2/29/2024
136,516,message,Ut enim ad minim veniam,NULL,0,2/29/2024
137,789,story,Ut enim ad minim veniam,NULL,1,2/29/2024
138,726,story,consectetur adipiscing elit.,456,1,2/29/2024
139,553,story,Sed do eiusmod tempor incididunt ut labore et dolore magna aliqua.,123,0,2/29/2024
140,616,message,Lorem ipsum dolor sit amet,123,0,2/29/2024
141,882,message,Ut enim ad minim veniam,456,1,2/29/2024
142,337,story,quis nostrud exercitation ullamco laboris nisi ut aliquip ex ea commodo consequat.,123,1,2/29/2024
143,402,message,Ut enim ad minim veniam,789,1,2/29/2024
144,326,message,quis nostrud exercitation ullamco laboris nisi ut aliquip ex ea commodo consequat.,456,0,2/29/2024
145,52,message,Sed do eiusmod tempor incididunt ut labore et dolore magna aliqua.,789,0,2/29/2024
146,840,message,Ut enim ad minim veniam,789,0,2/29/2024
147,104,story,Ut enim ad minim veniam,NULL,0,2/29/2024
148,55,message,consectetur adipiscing elit.,789,0,2/29/2024
149,248,story,Lorem ipsum dolor sit amet,NULL,0,2/29/2024
150,842,story,Ut enim ad minim veniam,789,1,2/29/2024
151,614,story,Sed do eiusmod tempor incididunt ut labore et dolore magna aliqua.,456,0,2/29/2024
152,625,message,consectetur adipiscing elit.,789,1,2/29/2024
153,814,story,quis nostrud exercitation ullamco laboris nisi ut aliquip ex ea commodo consequat.,123,0,2/29/2024
154,999,message,quis nostrud exercitation ullamco laboris nisi ut aliquip ex ea commodo consequat.,456,1,2/29/2024
155,764,story,Lorem ipsum dolor sit amet,789,1,2/29/2024
156,23,story,Lorem ipsum dolor sit amet,123,1,2/29/2024
157,3,story,quis nostrud exercitation ullamco laboris nisi ut aliquip ex ea commodo consequat.,456,1,2/29/2024
158,403,story,Lorem ipsum dolor sit amet,123,1,2/29/2024
159,206,message,Lorem ipsum dolor sit amet,789,1,2/29/2024
160,735,story,Sed do eiusmod tempor incididunt ut labore et dolore magna aliqua.,456,1,2/29/2024
161,137,story,Ut enim ad minim veniam,789,0,2/29/2024
162,644,message,Sed do eiusmod tempor incididunt ut labore et dolore magna aliqua.,NULL,1,2/29/2024
163,317,story,consectetur adipiscing elit.,789,0,2/29/2024
164,127,message,Lorem ipsum dolor sit amet,123,0,2/29/2024
165,869,story,Sed do eiusmod tempor incididunt ut labore et dolore magna aliqua.,789,1,2/29/2024
166,491,story,Sed do eiusmod tempor incididunt ut labore et dolore magna aliqua.,NULL,0,2/29/2024
167,146,story,Ut enim ad minim veniam,NULL,1,2/29/2024
168,584,message,Ut enim ad minim veniam,456,1,2/29/2024
169,610,story,Lorem ipsum dolor sit amet,456,0,2/29/2024
170,47,message,Ut enim ad minim veniam,123,0,2/29/2024
171,206,message,quis nostrud exercitation ullamco laboris nisi ut aliquip ex ea commodo consequat.,NULL,0,2/29/2024
172,536,story,quis nostrud exercitation ullamco laboris nisi ut aliquip ex ea commodo consequat.,456,1,2/29/2024
173,700,story,quis nostrud exercitation ullamco laboris nisi ut aliquip ex ea commodo consequat.,123,0,2/29/2024
174,471,message,consectetur adipiscing elit.,456,1,2/29/2024
175,656,story,Lorem ipsum dolor sit amet,789,0,2/29/2024
176,576,message,Ut enim ad minim veniam,123,1,2/29/2024
177,531,message,Sed do eiusmod tempor incididunt ut labore et dolore magna aliqua.,123,0,2/29/2024
178,22,story,Lorem ipsum dolor sit amet,789,1,2/29/2024
179,783,message,Sed do eiusmod tempor incididunt ut labore et dolore magna aliqua.,456,0,2/29/2024
180,140,message,Lorem ipsum dolor sit amet,123,0,2/29/2024
181,355,story,Ut enim ad minim veniam,NULL,0,2/29/2024
182,572,message,Lorem ipsum dolor sit amet,NULL,1,2/29/2024
183,342,message,Lorem ipsum dolor sit amet,NULL,0,2/29/2024
184,48,story,consectetur adipiscing elit.,NULL,0,2/29/2024
185,436,message,Sed do eiusmod tempor incididunt ut labore et dolore magna aliqua.,789,1,2/29/2024
186,359,story,quis nostrud exercitation ullamco laboris nisi ut aliquip ex ea commodo consequat.,123,0,2/29/2024
187,13,message,consectetur adipiscing elit.,123,0,2/29/2024
188,362,message,Sed do eiusmod tempor incididunt ut labore et dolore magna aliqua.,NULL,1,2/29/2024
189,57,story,Ut enim ad minim veniam,NULL,0,2/29/2024
190,687,story,Lorem ipsum dolor sit amet,123,1,2/29/2024
191,108,message,Ut enim ad minim veniam,456,0,2/29/2024
192,971,story,quis nostrud exercitation ullamco laboris nisi ut aliquip ex ea commodo consequat.,NULL,0,2/29/2024
193,542,story,Ut enim ad minim veniam,NULL,0,2/29/2024
194,47,message,consectetur adipiscing elit.,NULL,0,2/29/2024
195,430,story,Sed do eiusmod tempor incididunt ut labore et dolore magna aliqua.,789,1,2/29/2024
196,894,message,Sed do eiusmod tempor incididunt ut labore et dolore magna aliqua.,123,1,2/29/2024
197,190,message,Lorem ipsum dolor sit amet,789,0,2/29/2024
198,915,message,quis nostrud exercitation ullamco laboris nisi ut aliquip ex ea commodo consequat.,123,0,2/29/2024
199,967,message,consectetur adipiscing elit.,456,0,2/29/2024
200,481,message,Ut enim ad minim veniam,123,0,2/29/2024
201,694,message,consectetur adipiscing elit.,456,1,2/29/2024
202,484,message,Ut enim ad minim veniam,789,1,2/29/2024
203,628,story,Sed do eiusmod tempor incididunt ut labore et dolore magna aliqua.,NULL,1,2/29/2024
204,454,message,quis nostrud exercitation ullamco laboris nisi ut aliquip ex ea commodo consequat.,123,1,2/29/2024
205,611,story,Lorem ipsum dolor sit amet,789,1,2/29/2024
206,939,message,quis nostrud exercitation ullamco laboris nisi ut aliquip ex ea commodo consequat.,123,1,2/29/2024
207,947,story,Sed do eiusmod tempor incididunt ut labore et dolore magna aliqua.,456,1,2/29/2024
208,928,message,Lorem ipsum dolor sit amet,456,0,2/29/2024
209,118,story,Sed do eiusmod tempor incididunt ut labore et dolore magna aliqua.,123,0,2/29/2024
210,705,story,Sed do eiusmod tempor incididunt ut labore et dolore magna aliqua.,789,1,2/29/2024
211,697,message,Ut enim ad minim veniam,123,1,2/29/2024
212,857,message,Sed do eiusmod tempor incididunt ut labore et dolore magna aliqua.,NULL,1,2/29/2024
213,498,message,Ut enim ad minim veniam,456,0,2/29/2024
214,338,story,consectetur adipiscing elit.,NULL,1,2/29/2024
215,903,message,Sed do eiusmod tempor incididunt ut labore et dolore magna aliqua.,NULL,1,2/29/2024
216,474,message,quis nostrud exercitation ullamco laboris nisi ut aliquip ex ea commodo consequat.,123,1,2/29/2024
217,371,story,Lorem ipsum dolor sit amet,NULL,1,2/29/2024
218,423,story,Sed do eiusmod tempor incididunt ut labore et dolore magna aliqua.,789,1,2/29/2024
219,332,story,Ut enim ad minim veniam,789,0,2/29/2024
220,237,story,quis nostrud exercitation ullamco laboris nisi ut aliquip ex ea commodo consequat.,789,0,2/29/2024
221,614,message,consectetur adipiscing elit.,NULL,1,2/29/2024
222,234,story,consectetur adipiscing elit.,123,0,2/29/2024
223,399,story,consectetur adipiscing elit.,NULL,1,2/29/2024
224,936,message,consectetur adipiscing elit.,456,1,2/29/2024
225,952,message,Lorem ipsum dolor sit amet,NULL,1,2/29/2024
226,271,message,Sed do eiusmod tempor incididunt ut labore et dolore magna aliqua.,456,0,2/29/2024
227,385,message,consectetur adipiscing elit.,NULL,1,2/29/2024
228,784,message,quis nostrud exercitation ullamco laboris nisi ut aliquip ex ea commodo consequat.,456,0,2/29/2024
229,332,message,quis nostrud exercitation ullamco laboris nisi ut aliquip ex ea commodo consequat.,456,0,2/29/2024
230,870,story,Ut enim ad minim veniam,123,1,2/29/2024
231,666,message,Sed do eiusmod tempor incididunt ut labore et dolore magna aliqua.,456,1,2/29/2024
232,685,story,Sed do eiusmod tempor incididunt ut labore et dolore magna aliqua.,456,1,2/29/2024
233,792,message,quis nostrud exercitation ullamco laboris nisi ut aliquip ex ea commodo consequat.,123,1,2/29/2024
234,749,story,quis nostrud exercitation ullamco laboris nisi ut aliquip ex ea commodo consequat.,123,1,2/29/2024
235,559,story,quis nostrud exercitation ullamco laboris nisi ut aliquip ex ea commodo consequat.,NULL,1,2/29/2024
236,569,message,Sed do eiusmod tempor incididunt ut labore et dolore magna aliqua.,NULL,1,2/29/2024
237,764,story,consectetur adipiscing elit.,NULL,1,2/29/2024
238,267,story,Ut enim ad minim veniam,789,1,2/29/2024
239,806,story,Lorem ipsum dolor sit amet,456,1,2/29/2024
240,98,message,Ut enim ad minim veniam,456,1,2/29/2024
241,423,story,Lorem ipsum dolor sit amet,NULL,1,2/29/2024
242,585,story,Ut enim ad minim veniam,NULL,1,2/29/2024
243,492,story,quis nostrud exercitation ullamco laboris nisi ut aliquip ex ea commodo consequat.,NULL,0,2/29/2024
244,618,message,Sed do eiusmod tempor incididunt ut labore et dolore magna aliqua.,123,0,2/29/2024
245,316,message,quis nostrud exercitation ullamco laboris nisi ut aliquip ex ea commodo consequat.,456,1,2/29/2024
246,962,message,Lorem ipsum dolor sit amet,123,1,2/29/2024
247,299,story,Sed do eiusmod tempor incididunt ut labore et dolore magna aliqua.,123,0,2/29/2024
248,776,story,consectetur adipiscing elit.,123,1,2/29/2024
249,686,story,consectetur adipiscing elit.,456,1,2/29/2024
250,52,message,Ut enim ad minim veniam,NULL,1,2/29/2024
251,196,story,consectetur adipiscing elit.,456,1,2/29/2024
252,386,message,quis nostrud exercitation ullamco laboris nisi ut aliquip ex ea commodo consequat.,NULL,1,2/29/2024
253,379,message,Ut enim ad minim veniam,123,0,2/29/2024
254,931,message,Lorem ipsum dolor sit amet,123,1,2/29/2024
255,224,message,Sed do eiusmod tempor incididunt ut labore et dolore magna aliqua.,789,1,2/29/2024
256,124,message,Ut enim ad minim veniam,123,0,2/29/2024
257,101,story,quis nostrud exercitation ullamco laboris nisi ut aliquip ex ea commodo consequat.,123,0,2/29/2024
258,574,message,Sed do eiusmod tempor incididunt ut labore et dolore magna aliqua.,456,0,2/29/2024
259,757,message,Lorem ipsum dolor sit amet,789,1,2/29/2024
260,284,message,consectetur adipiscing elit.,NULL,0,2/29/2024
261,532,story,Ut enim ad minim veniam,123,1,2/29/2024
262,133,story,Ut enim ad minim veniam,NULL,1,2/29/2024
263,93,story,Ut enim ad minim veniam,NULL,1,2/29/2024
264,202,story,Ut enim ad minim veniam,NULL,0,2/29/2024
265,236,story,Lorem ipsum dolor sit amet,123,0,2/29/2024
266,464,message,quis nostrud exercitation ullamco laboris nisi ut aliquip ex ea commodo consequat.,NULL,0,2/29/2024
267,836,story,consectetur adipiscing elit.,456,1,2/29/2024
268,520,story,Lorem ipsum dolor sit amet,456,0,2/29/2024
269,896,message,quis nostrud exercitation ullamco laboris nisi ut aliquip ex ea commodo consequat.,456,0,2/29/2024
270,18,story,Sed do eiusmod tempor incididunt ut labore et dolore magna aliqua.,789,0,2/29/2024
271,531,message,Ut enim ad minim veniam,NULL,1,2/29/2024
272,403,story,quis nostrud exercitation ullamco laboris nisi ut aliquip ex ea commodo consequat.,123,1,2/29/2024
273,499,story,quis nostrud exercitation ullamco laboris nisi ut aliquip ex ea commodo consequat.,789,0,2/29/2024
274,479,story,Ut enim ad minim veniam,789,0,2/29/2024
275,734,message,consectetur adipiscing elit.,789,1,2/29/2024
276,989,story,Lorem ipsum dolor sit amet,789,1,2/29/2024
277,342,message,Lorem ipsum dolor sit amet,NULL,0,2/29/2024
278,451,story,Ut enim ad minim veniam,456,1,2/29/2024
279,488,message,Ut enim ad minim veniam,NULL,1,2/29/2024
280,426,story,quis nostrud exercitation ullamco laboris nisi ut aliquip ex ea commodo consequat.,456,1,2/29/2024
281,983,message,quis nostrud exercitation ullamco laboris nisi ut aliquip ex ea commodo consequat.,456,0,2/29/2024
282,197,message,quis nostrud exercitation ullamco laboris nisi ut aliquip ex ea commodo consequat.,456,0,2/29/2024
283,182,story,Lorem ipsum dolor sit amet,456,1,2/29/2024
284,651,story,consectetur adipiscing elit.,456,1,2/29/2024
285,571,message,Sed do eiusmod tempor incididunt ut labore et dolore magna aliqua.,123,0,2/29/2024
286,146,message,consectetur adipiscing elit.,456,1,2/29/2024
287,899,message,Sed do eiusmod tempor incididunt ut labore et dolore magna aliqua.,456,1,2/29/2024
288,42,story,quis nostrud exercitation ullamco laboris nisi ut aliquip ex ea commodo consequat.,789,1,2/29/2024
289,446,message,Sed do eiusmod tempor incididunt ut labore et dolore magna aliqua.,789,1,2/29/2024
290,907,message,quis nostrud exercitation ullamco laboris nisi ut aliquip ex ea commodo consequat.,123,1,2/29/2024
291,73,message,Lorem ipsum dolor sit amet,NULL,0,2/29/2024
292,518,story,Sed do eiusmod tempor incididunt ut labore et dolore magna aliqua.,NULL,0,2/29/2024
293,842,message,Sed do eiusmod tempor incididunt ut labore et dolore magna aliqua.,789,0,2/29/2024
294,590,message,Sed do eiusmod tempor incididunt ut labore et dolore magna aliqua.,789,1,2/29/2024
295,484,story,consectetur adipiscing elit.,789,1,2/29/2024
296,973,message,Ut enim ad minim veniam,789,1,2/29/2024
297,600,message,consectetur adipiscing elit.,123,0,2/29/2024
298,211,message,consectetur adipiscing elit.,789,0,2/29/2024
299,239,story,Lorem ipsum dolor sit amet,123,1,2/29/2024
300,376,message,Sed do eiusmod tempor incididunt ut labore et dolore magna aliqua.,456,0,2/29/2024
301,980,message,quis nostrud exercitation ullamco laboris nisi ut aliquip ex ea commodo consequat.,123,0,2/29/2024
302,103,story,Lorem ipsum dolor sit amet,789,0,2/29/2024
303,856,message,quis nostrud exercitation ullamco laboris nisi ut aliquip ex ea commodo consequat.,123,1,2/29/2024
304,420,story,quis nostrud exercitation ullamco laboris nisi ut aliquip ex ea commodo consequat.,789,0,2/29/2024
305,559,story,quis nostrud exercitation ullamco laboris nisi ut aliquip ex ea commodo consequat.,123,0,2/29/2024
306,228,message,Sed do eiusmod tempor incididunt ut labore et dolore magna aliqua.,456,1,2/29/2024
307,801,message,consectetur adipiscing elit.,NULL,1,2/29/2024
308,992,story,Lorem ipsum dolor sit amet,456,1,2/29/2024
309,949,message,Ut enim ad minim veniam,NULL,1,2/29/2024
310,323,message,quis nostrud exercitation ullamco laboris nisi ut aliquip ex ea commodo consequat.,NULL,1,2/29/2024
311,446,story,Sed do eiusmod tempor incididunt ut labore et dolore magna aliqua.,123,0,2/29/2024
312,289,story,Ut enim ad minim veniam,456,1,2/29/2024
313,479,message,Sed do eiusmod tempor incididunt ut labore et dolore magna aliqua.,NULL,1,2/29/2024
314,942,message,quis nostrud exercitation ullamco laboris nisi ut aliquip ex ea commodo consequat.,789,0,2/29/2024
315,804,story,Ut enim ad minim veniam,123,1,2/29/2024
316,48,message,consectetur adipiscing elit.,123,1,2/29/2024
317,480,story,Sed do eiusmod tempor incididunt ut labore et dolore magna aliqua.,123,1,2/29/2024
318,200,story,Lorem ipsum dolor sit amet,456,1,2/29/2024
319,974,story,consectetur adipiscing elit.,NULL,1,2/29/2024
320,999,story,consectetur adipiscing elit.,NULL,0,2/29/2024
321,138,message,quis nostrud exercitation ullamco laboris nisi ut aliquip ex ea commodo consequat.,NULL,1,2/29/2024
322,343,story,Sed do eiusmod tempor incididunt ut labore et dolore magna aliqua.,NULL,0,2/29/2024
323,548,message,Ut enim ad minim veniam,789,0,2/29/2024
324,32,message,Ut enim ad minim veniam,789,0,2/29/2024
325,606,message,Sed do eiusmod tempor incididunt ut labore et dolore magna aliqua.,NULL,0,2/29/2024
326,253,story,Lorem ipsum dolor sit amet,456,1,2/29/2024
327,210,story,consectetur adipiscing elit.,456,0,2/29/2024
328,678,message,quis nostrud exercitation ullamco laboris nisi ut aliquip ex ea commodo consequat.,789,1,2/29/2024
329,139,message,consectetur adipiscing elit.,789,0,2/29/2024
330,149,story,Lorem ipsum dolor sit amet,123,0,2/29/2024
331,822,message,Lorem ipsum dolor sit amet,456,1,2/29/2024
332,206,message,quis nostrud exercitation ullamco laboris nisi ut aliquip ex ea commodo consequat.,NULL,0,2/29/2024
333,654,message,Sed do eiusmod tempor incididunt ut labore et dolore magna aliqua.,123,0,2/29/2024
334,529,message,Lorem ipsum dolor sit amet,123,0,2/29/2024
335,533,message,Sed do eiusmod tempor incididunt ut labore et dolore magna aliqua.,789,0,2/29/2024
336,126,message,Ut enim ad minim veniam,123,1,2/29/2024
337,187,message,quis nostrud exercitation ullamco laboris nisi ut aliquip ex ea commodo consequat.,NULL,0,2/29/2024
338,223,message,Sed do eiusmod tempor incididunt ut labore et dolore magna aliqua.,789,0,2/29/2024
339,419,story,Ut enim ad minim veniam,789,1,2/29/2024
340,70,story,Sed do eiusmod tempor incididunt ut labore et dolore magna aliqua.,NULL,0,2/29/2024
341,916,message,consectetur adipiscing elit.,NULL,1,2/29/2024
342,610,message,Sed do eiusmod tempor incididunt ut labore et dolore magna aliqua.,NULL,1,2/29/2024
343,250,story,Sed do eiusmod tempor incididunt ut labore et dolore magna aliqua.,789,1,2/29/2024
344,252,message,Sed do eiusmod tempor incididunt ut labore et dolore magna aliqua.,NULL,1,2/29/2024
345,569,story,Ut enim ad minim veniam,NULL,0,2/29/2024
346,651,message,Lorem ipsum dolor sit amet,456,0,2/29/2024
347,528,message,Lorem ipsum dolor sit amet,123,0,2/29/2024
348,706,story,Sed do eiusmod tempor incididunt ut labore et dolore magna aliqua.,NULL,1,2/29/2024
349,315,story,Lorem ipsum dolor sit amet,456,0,2/29/2024
350,598,message,Ut enim ad minim veniam,789,1,2/29/2024
351,118,story,quis nostrud exercitation ullamco laboris nisi ut aliquip ex ea commodo consequat.,789,1,2/29/2024
352,682,story,consectetur adipiscing elit.,456,0,2/29/2024
353,793,message,Sed do eiusmod tempor incididunt ut labore et dolore magna aliqua.,789,1,2/29/2024
354,12,message,Ut enim ad minim veniam,789,0,2/29/2024
355,94,story,Sed do eiusmod tempor incididunt ut labore et dolore magna aliqua.,123,1,2/29/2024
356,900,story,Lorem ipsum dolor sit amet,NULL,1,2/29/2024
357,768,message,Sed do eiusmod tempor incididunt ut labore et dolore magna aliqua.,NULL,0,2/29/2024
358,237,message,Ut enim ad minim veniam,123,0,2/29/2024
359,64,message,consectetur adipiscing elit.,456,0,2/29/2024
360,649,message,Ut enim ad minim veniam,NULL,0,2/29/2024
361,963,story,Ut enim ad minim veniam,NULL,1,2/29/2024
362,868,message,Ut enim ad minim veniam,123,1,2/29/2024
363,869,story,Sed do eiusmod tempor incididunt ut labore et dolore magna aliqua.,789,0,2/29/2024
364,887,message,Ut enim ad minim veniam,NULL,0,2/29/2024
365,852,story,Sed do eiusmod tempor incididunt ut labore et dolore magna aliqua.,456,1,2/29/2024
366,882,message,Ut enim ad minim veniam,123,1,2/29/2024
367,631,story,Sed do eiusmod tempor incididunt ut labore et dolore magna aliqua.,456,1,2/29/2024
368,847,story,quis nostrud exercitation ullamco laboris nisi ut aliquip ex ea commodo consequat.,NULL,0,2/29/2024
369,611,message,consectetur adipiscing elit.,789,1,2/29/2024
370,721,story,Sed do eiusmod tempor incididunt ut labore et dolore magna aliqua.,123,0,2/29/2024
371,385,message,consectetur adipiscing elit.,456,0,2/29/2024
372,234,story,quis nostrud exercitation ullamco laboris nisi ut aliquip ex ea commodo consequat.,789,1,2/29/2024
373,132,story,Lorem ipsum dolor sit amet,123,0,2/29/2024
374,985,message,Lorem ipsum dolor sit amet,456,0,2/29/2024
375,490,message,Lorem ipsum dolor sit amet,123,1,2/29/2024
376,75,story,consectetur adipiscing elit.,789,1,2/29/2024
377,380,story,Ut enim ad minim veniam,NULL,1,2/29/2024
378,454,message,Sed do eiusmod tempor incididunt ut labore et dolore magna aliqua.,456,0,2/29/2024
379,620,story,Lorem ipsum dolor sit amet,789,0,2/29/2024
380,327,story,Ut enim ad minim veniam,789,1,2/29/2024
381,999,story,Ut enim ad minim veniam,789,1,2/29/2024
382,494,story,Ut enim ad minim veniam,NULL,1,2/29/2024
383,805,story,consectetur adipiscing elit.,123,0,2/29/2024
384,5,message,Lorem ipsum dolor sit amet,NULL,1,2/29/2024
385,615,message,Ut enim ad minim veniam,123,0,2/29/2024
386,952,message,consectetur adipiscing elit.,NULL,0,2/29/2024
387,820,story,Ut enim ad minim veniam,NULL,0,2/29/2024
388,846,message,consectetur adipiscing elit.,789,0,2/29/2024
389,863,story,Lorem ipsum dolor sit amet,456,1,2/29/2024
390,417,story,quis nostrud exercitation ullamco laboris nisi ut aliquip ex ea commodo consequat.,789,1,2/29/2024
391,642,message,Lorem ipsum dolor sit amet,123,1,2/29/2024
392,790,story,Sed do eiusmod tempor incididunt ut labore et dolore magna aliqua.,789,1,2/29/2024
393,95,message,Ut enim ad minim veniam,NULL,0,2/29/2024
394,372,message,consectetur adipiscing elit.,123,1,2/29/2024
395,167,story,Ut enim ad minim veniam,456,0,2/29/2024
396,356,story,Lorem ipsum dolor sit amet,789,1,2/29/2024
397,639,story,Ut enim ad minim veniam,789,1,2/29/2024
398,946,message,consectetur adipiscing elit.,123,1,2/29/2024
399,445,story,Sed do eiusmod tempor incididunt ut labore et dolore magna aliqua.,NULL,0,2/29/2024
400,510,story,quis nostrud exercitation ullamco laboris nisi ut aliquip ex ea commodo consequat.,456,1,2/29/2024
401,599,message,consectetur adipiscing elit.,NULL,1,2/29/2024
402,998,message,quis nostrud exercitation ullamco laboris nisi ut aliquip ex ea commodo consequat.,789,0,2/29/2024
403,675,message,Sed do eiusmod tempor incididunt ut labore et dolore magna aliqua.,789,1,2/29/2024
404,900,message,Lorem ipsum dolor sit amet,456,1,2/29/2024
405,33,story,quis nostrud exercitation ullamco laboris nisi ut aliquip ex ea commodo consequat.,789,0,2/29/2024
406,624,story,Sed do eiusmod tempor incididunt ut labore et dolore magna aliqua.,NULL,0,2/29/2024
407,394,message,Sed do eiusmod tempor incididunt ut labore et dolore magna aliqua.,NULL,0,2/29/2024
408,426,message,consectetur adipiscing elit.,789,0,2/29/2024
409,348,message,consectetur adipiscing elit.,789,1,2/29/2024
410,783,story,quis nostrud exercitation ullamco laboris nisi ut aliquip ex ea commodo consequat.,123,1,2/29/2024
411,149,message,quis nostrud exercitation ullamco laboris nisi ut aliquip ex ea commodo consequat.,NULL,0,2/29/2024
412,293,story,Ut enim ad minim veniam,123,0,2/29/2024
413,120,message,quis nostrud exercitation ullamco laboris nisi ut aliquip ex ea commodo consequat.,123,1,2/29/2024
414,296,message,Lorem ipsum dolor sit amet,NULL,0,2/29/2024
415,704,story,consectetur adipiscing elit.,456,1,2/29/2024
416,793,story,Lorem ipsum dolor sit amet,789,0,2/29/2024
417,480,story,Lorem ipsum dolor sit amet,456,1,2/29/2024
418,54,message,Ut enim ad minim veniam,NULL,0,2/29/2024
419,702,message,Sed do eiusmod tempor incididunt ut labore et dolore magna aliqua.,456,0,2/29/2024
420,361,message,Sed do eiusmod tempor incididunt ut labore et dolore magna aliqua.,NULL,0,2/29/2024
421,190,message,Ut enim ad minim veniam,123,0,2/29/2024
422,155,story,Sed do eiusmod tempor incididunt ut labore et dolore magna aliqua.,789,0,2/29/2024
423,930,story,quis nostrud exercitation ullamco laboris nisi ut aliquip ex ea commodo consequat.,NULL,1,2/29/2024
424,606,message,consectetur adipiscing elit.,123,1,2/29/2024
425,410,story,Sed do eiusmod tempor incididunt ut labore et dolore magna aliqua.,123,0,2/29/2024
426,545,story,Lorem ipsum dolor sit amet,NULL,0,2/29/2024
427,80,story,Lorem ipsum dolor sit amet,123,0,2/29/2024
428,631,message,Sed do eiusmod tempor incididunt ut labore et dolore magna aliqua.,123,1,2/29/2024
429,811,message,Ut enim ad minim veniam,NULL,0,2/29/2024
430,404,story,Sed do eiusmod tempor incididunt ut labore et dolore magna aliqua.,789,1,2/29/2024
431,785,message,Lorem ipsum dolor sit amet,NULL,0,2/29/2024
432,323,story,consectetur adipiscing elit.,NULL,1,2/29/2024
433,815,message,consectetur adipiscing elit.,789,1,2/29/2024
434,679,story,Lorem ipsum dolor sit amet,456,0,2/29/2024
435,425,message,Lorem ipsum dolor sit amet,456,1,2/29/2024
436,21,story,Lorem ipsum dolor sit amet,789,0,2/29/2024
437,900,message,consectetur adipiscing elit.,123,0,2/29/2024
438,482,message,Sed do eiusmod tempor incididunt ut labore et dolore magna aliqua.,123,1,2/29/2024
439,82,message,Sed do eiusmod tempor incididunt ut labore et dolore magna aliqua.,123,1,2/29/2024
440,882,message,consectetur adipiscing elit.,456,0,2/29/2024
441,451,story,consectetur adipiscing elit.,NULL,0,2/29/2024
442,444,story,Lorem ipsum dolor sit amet,123,1,2/29/2024
443,496,story,Ut enim ad minim veniam,456,1,2/29/2024
444,755,message,consectetur adipiscing elit.,NULL,1,2/29/2024
445,781,message,Ut enim ad minim veniam,123,0,2/29/2024
446,556,message,quis nostrud exercitation ullamco laboris nisi ut aliquip ex ea commodo consequat.,789,1,2/29/2024
447,473,message,quis nostrud exercitation ullamco laboris nisi ut aliquip ex ea commodo consequat.,456,0,2/29/2024
448,912,story,Sed do eiusmod tempor incididunt ut labore et dolore magna aliqua.,789,0,2/29/2024
449,421,message,quis nostrud exercitation ullamco laboris nisi ut aliquip ex ea commodo consequat.,789,0,2/29/2024
450,455,story,Lorem ipsum dolor sit amet,789,1,2/29/2024
451,998,story,consectetur adipiscing elit.,456,1,2/29/2024
452,49,message,Sed do eiusmod tempor incididunt ut labore et dolore magna aliqua.,789,0,2/29/2024
453,906,message,quis nostrud exercitation ullamco laboris nisi ut aliquip ex ea commodo consequat.,789,0,2/29/2024
454,314,message,Sed do eiusmod tempor incididunt ut labore et dolore magna aliqua.,NULL,0,2/29/2024
455,592,story,Lorem ipsum dolor sit amet,789,1,2/29/2024
456,380,message,consectetur adipiscing elit.,NULL,1,2/29/2024
457,468,message,Lorem ipsum dolor sit amet,123,1,2/29/2024
458,333,message,Sed do eiusmod tempor incididunt ut labore et dolore magna aliqua.,NULL,0,2/29/2024
459,976,story,Sed do eiusmod tempor incididunt ut labore et dolore magna aliqua.,456,1,2/29/2024
460,595,story,Ut enim ad minim veniam,NULL,1,2/29/2024
461,567,story,quis nostrud exercitation ullamco laboris nisi ut aliquip ex ea commodo consequat.,789,0,2/29/2024
462,727,message,quis nostrud exercitation ullamco laboris nisi ut aliquip ex ea commodo consequat.,456,0,2/29/2024
463,311,story,Lorem ipsum dolor sit amet,456,0,2/29/2024
464,162,story,Sed do eiusmod tempor incididunt ut labore et dolore magna aliqua.,789,1,2/29/2024
465,367,message,Ut enim ad minim veniam,456,0,2/29/2024
466,896,message,consectetur adipiscing elit.,123,0,2/29/2024
467,780,message,Sed do eiusmod tempor incididunt ut labore et dolore magna aliqua.,456,0,2/29/2024
468,727,message,quis nostrud exercitation ullamco laboris nisi ut aliquip ex ea commodo consequat.,123,0,2/29/2024
469,843,story,Sed do eiusmod tempor incididunt ut labore et dolore magna aliqua.,789,0,2/29/2024
470,894,message,Lorem ipsum dolor sit amet,NULL,1,2/29/2024
471,888,story,Lorem ipsum dolor sit amet,789,0,2/29/2024
472,900,story,Ut enim ad minim veniam,123,0,2/29/2024
473,629,message,quis nostrud exercitation ullamco laboris nisi ut aliquip ex ea commodo consequat.,NULL,1,2/29/2024
474,94,message,quis nostrud exercitation ullamco laboris nisi ut aliquip ex ea commodo consequat.,123,1,2/29/2024
475,833,story,Lorem ipsum dolor sit amet,456,0,2/29/2024
476,877,story,consectetur adipiscing elit.,456,1,2/29/2024
477,287,story,Sed do eiusmod tempor incididunt ut labore et dolore magna aliqua.,NULL,1,2/29/2024
478,693,message,Lorem ipsum dolor sit amet,123,1,2/29/2024
479,864,story,Lorem ipsum dolor sit amet,789,1,2/29/2024
480,3,story,Ut enim ad minim veniam,456,0,2/29/2024
481,910,message,Lorem ipsum dolor sit amet,123,0,2/29/2024
482,813,message,Lorem ipsum dolor sit amet,NULL,1,2/29/2024
483,79,message,Ut enim ad minim veniam,NULL,1,2/29/2024
484,134,story,consectetur adipiscing elit.,NULL,0,2/29/2024
485,134,story,quis nostrud exercitation ullamco laboris nisi ut aliquip ex ea commodo consequat.,789,1,2/29/2024
486,545,message,consectetur adipiscing elit.,123,0,2/29/2024
487,804,message,Sed do eiusmod tempor incididunt ut labore et dolore magna aliqua.,789,0,2/29/2024
488,632,message,Ut enim ad minim veniam,456,1,2/29/2024
489,168,story,quis nostrud exercitation ullamco laboris nisi ut aliquip ex ea commodo consequat.,123,1,2/29/2024
490,423,story,Lorem ipsum dolor sit amet,123,1,2/29/2024
491,119,message,Lorem ipsum dolor sit amet,NULL,1,2/29/2024
492,986,message,Ut enim ad minim veniam,NULL,0,2/29/2024
493,440,message,consectetur adipiscing elit.,789,0,2/29/2024
494,177,story,Lorem ipsum dolor sit amet,123,1,2/29/2024
495,405,story,quis nostrud exercitation ullamco laboris nisi ut aliquip ex ea commodo consequat.,789,0,2/29/2024
496,875,story,Ut enim ad minim veniam,789,1,2/29/2024
497,203,story,Sed do eiusmod tempor incididunt ut labore et dolore magna aliqua.,NULL,0,2/29/2024
498,923,story,quis nostrud exercitation ullamco laboris nisi ut aliquip ex ea commodo consequat.,456,1,2/29/2024
499,432,story,Lorem ipsum dolor sit amet,456,1,2/29/2024
500,825,story,Lorem ipsum dolor sit amet,456,0,2/29/2024
501,534,story,quis nostrud exercitation ullamco laboris nisi ut aliquip ex ea commodo consequat.,456,0,2/29/2024
502,605,story,Sed do eiusmod tempor incididunt ut labore et dolore magna aliqua.,456,1,2/29/2024
503,999,story,consectetur adipiscing elit.,NULL,1,2/29/2024
504,983,story,Ut enim ad minim veniam,789,0,2/29/2024
505,526,message,Sed do eiusmod tempor incididunt ut labore et dolore magna aliqua.,789,1,2/29/2024
506,212,message,quis nostrud exercitation ullamco laboris nisi ut aliquip ex ea commodo consequat.,123,0,2/29/2024
507,2,message,Ut enim ad minim veniam,123,0,2/29/2024
508,137,story,consectetur adipiscing elit.,123,0,2/29/2024
509,130,message,consectetur adipiscing elit.,789,0,2/29/2024
510,638,message,consectetur adipiscing elit.,NULL,1,2/29/2024
511,919,story,Lorem ipsum dolor sit amet,789,0,2/29/2024
512,524,message,Ut enim ad minim veniam,NULL,1,2/29/2024
513,863,story,quis nostrud exercitation ullamco laboris nisi ut aliquip ex ea commodo consequat.,789,0,2/29/2024
514,523,message,quis nostrud exercitation ullamco laboris nisi ut aliquip ex ea commodo consequat.,789,1,2/29/2024
515,910,story,Lorem ipsum dolor sit amet,456,0,2/29/2024
516,101,message,Lorem ipsum dolor sit amet,789,0,2/29/2024
517,525,message,quis nostrud exercitation ullamco laboris nisi ut aliquip ex ea commodo consequat.,123,0,2/29/2024
518,91,story,Lorem ipsum dolor sit amet,789,1,2/29/2024
519,781,message,Lorem ipsum dolor sit amet,456,0,2/29/2024
520,153,message,Ut enim ad minim veniam,456,1,2/29/2024
521,389,message,consectetur adipiscing elit.,789,0,2/29/2024
522,745,message,quis nostrud exercitation ullamco laboris nisi ut aliquip ex ea commodo consequat.,NULL,1,2/29/2024
523,595,message,Lorem ipsum dolor sit amet,123,1,2/29/2024
524,358,story,consectetur adipiscing elit.,456,1,2/29/2024
525,726,message,Lorem ipsum dolor sit amet,456,0,2/29/2024
526,857,story,quis nostrud exercitation ullamco laboris nisi ut aliquip ex ea commodo consequat.,456,0,2/29/2024
527,625,story,quis nostrud exercitation ullamco laboris nisi ut aliquip ex ea commodo consequat.,123,1,2/29/2024
528,496,story,Lorem ipsum dolor sit amet,NULL,0,2/29/2024
529,580,message,Ut enim ad minim veniam,123,1,2/29/2024
530,255,message,Ut enim ad minim veniam,456,0,2/29/2024
531,99,message,consectetur adipiscing elit.,456,0,2/29/2024
532,842,message,consectetur adipiscing elit.,789,0,2/29/2024
533,743,story,quis nostrud exercitation ullamco laboris nisi ut aliquip ex ea commodo consequat.,123,0,2/29/2024
534,215,story,consectetur adipiscing elit.,789,0,2/29/2024
535,9,story,Sed do eiusmod tempor incididunt ut labore et dolore magna aliqua.,456,1,2/29/2024
536,578,story,Ut enim ad minim veniam,789,1,2/29/2024
537,968,message,quis nostrud exercitation ullamco laboris nisi ut aliquip ex ea commodo consequat.,123,0,2/29/2024
538,820,message,quis nostrud exercitation ullamco laboris nisi ut aliquip ex ea commodo consequat.,456,0,2/29/2024
539,631,story,Ut enim ad minim veniam,456,0,2/29/2024
540,807,story,Ut enim ad minim veniam,NULL,0,2/29/2024
541,793,message,quis nostrud exercitation ullamco laboris nisi ut aliquip ex ea commodo consequat.,NULL,1,2/29/2024
542,609,story,Ut enim ad minim veniam,456,0,2/29/2024
543,552,message,Sed do eiusmod tempor incididunt ut labore et dolore magna aliqua.,123,1,2/29/2024
544,804,message,Sed do eiusmod tempor incididunt ut labore et dolore magna aliqua.,456,1,2/29/2024
545,673,message,consectetur adipiscing elit.,NULL,1,2/29/2024
546,499,message,Sed do eiusmod tempor incididunt ut labore et dolore magna aliqua.,NULL,0,2/29/2024
547,952,message,quis nostrud exercitation ullamco laboris nisi ut aliquip ex ea commodo consequat.,NULL,1,2/29/2024
548,513,message,quis nostrud exercitation ullamco laboris nisi ut aliquip ex ea commodo consequat.,456,1,2/29/2024
549,686,story,Sed do eiusmod tempor incididunt ut labore et dolore magna aliqua.,789,0,2/29/2024
550,870,story,quis nostrud exercitation ullamco laboris nisi ut aliquip ex ea commodo consequat.,456,0,2/29/2024
551,343,story,Lorem ipsum dolor sit amet,NULL,0,2/29/2024
552,234,story,Lorem ipsum dolor sit amet,NULL,0,2/29/2024
553,824,message,Lorem ipsum dolor sit amet,456,0,2/29/2024
554,999,story,quis nostrud exercitation ullamco laboris nisi ut aliquip ex ea commodo consequat.,123,1,2/29/2024
555,420,story,Sed do eiusmod tempor incididunt ut labore et dolore magna aliqua.,NULL,0,2/29/2024
556,770,message,Sed do eiusmod tempor incididunt ut labore et dolore magna aliqua.,NULL,0,2/29/2024
557,862,message,consectetur adipiscing elit.,789,1,2/29/2024
558,42,message,Lorem ipsum dolor sit amet,789,0,2/29/2024
559,283,story,Ut enim ad minim veniam,123,1,2/29/2024
560,314,story,Lorem ipsum dolor sit amet,789,0,2/29/2024
561,914,message,Sed do eiusmod tempor incididunt ut labore et dolore magna aliqua.,789,0,2/29/2024
562,405,story,Sed do eiusmod tempor incididunt ut labore et dolore magna aliqua.,456,0,2/29/2024
563,159,message,quis nostrud exercitation ullamco laboris nisi ut aliquip ex ea commodo consequat.,NULL,1,2/29/2024
564,515,message,consectetur adipiscing elit.,456,1,2/29/2024
565,789,message,Ut enim ad minim veniam,NULL,0,2/29/2024
566,254,story,quis nostrud exercitation ullamco laboris nisi ut aliquip ex ea commodo consequat.,NULL,1,2/29/2024
567,980,story,quis nostrud exercitation ullamco laboris nisi ut aliquip ex ea commodo consequat.,789,0,2/29/2024
568,108,message,consectetur adipiscing elit.,456,1,2/29/2024
569,916,message,Ut enim ad minim veniam,NULL,1,2/29/2024
570,875,message,Lorem ipsum dolor sit amet,789,0,2/29/2024
571,486,message,Lorem ipsum dolor sit amet,789,1,2/29/2024
572,707,message,consectetur adipiscing elit.,NULL,1,2/29/2024
573,933,message,Ut enim ad minim veniam,NULL,0,2/29/2024
574,449,message,Sed do eiusmod tempor incididunt ut labore et dolore magna aliqua.,789,0,2/29/2024
575,621,message,Ut enim ad minim veniam,123,1,2/29/2024
576,500,story,Ut enim ad minim veniam,456,0,2/29/2024
577,574,story,Lorem ipsum dolor sit amet,789,1,2/29/2024
578,188,story,consectetur adipiscing elit.,NULL,1,2/29/2024
579,703,message,quis nostrud exercitation ullamco laboris nisi ut aliquip ex ea commodo consequat.,NULL,1,2/29/2024
580,67,story,Ut enim ad minim veniam,123,0,2/29/2024
581,63,message,quis nostrud exercitation ullamco laboris nisi ut aliquip ex ea commodo consequat.,789,0,2/29/2024
582,145,story,quis nostrud exercitation ullamco laboris nisi ut aliquip ex ea commodo consequat.,NULL,0,2/29/2024
583,297,story,Ut enim ad minim veniam,123,1,2/29/2024
584,969,message,Sed do eiusmod tempor incididunt ut labore et dolore magna aliqua.,456,0,2/29/2024
585,217,story,Ut enim ad minim veniam,123,1,2/29/2024
586,20,message,Lorem ipsum dolor sit amet,789,1,2/29/2024
587,240,message,consectetur adipiscing elit.,NULL,0,2/29/2024
588,835,story,Lorem ipsum dolor sit amet,456,1,2/29/2024
589,447,story,quis nostrud exercitation ullamco laboris nisi ut aliquip ex ea commodo consequat.,123,1,2/29/2024
590,875,story,Ut enim ad minim veniam,456,0,2/29/2024
591,582,message,Ut enim ad minim veniam,789,0,2/29/2024
592,478,story,quis nostrud exercitation ullamco laboris nisi ut aliquip ex ea commodo consequat.,789,1,2/29/2024
593,320,message,Sed do eiusmod tempor incididunt ut labore et dolore magna aliqua.,789,1,2/29/2024
594,923,message,Lorem ipsum dolor sit amet,789,0,2/29/2024
595,701,message,quis nostrud exercitation ullamco laboris nisi ut aliquip ex ea commodo consequat.,123,1,2/29/2024
596,379,story,Ut enim ad minim veniam,456,1,2/29/2024
597,732,story,Ut enim ad minim veniam,789,0,2/29/2024
598,395,message,Ut enim ad minim veniam,456,1,2/29/2024
599,338,message,Ut enim ad minim veniam,789,1,2/29/2024
600,508,story,Ut enim ad minim veniam,789,0,2/29/2024
601,203,message,consectetur adipiscing elit.,123,1,2/29/2024
602,305,message,Ut enim ad minim veniam,123,1,2/29/2024
603,565,story,Ut enim ad minim veniam,123,0,2/29/2024
604,505,story,Ut enim ad minim veniam,123,1,2/29/2024
605,738,story,quis nostrud exercitation ullamco laboris nisi ut aliquip ex ea commodo consequat.,123,1,2/29/2024
606,880,message,Ut enim ad minim veniam,789,0,2/29/2024
607,850,story,Ut enim ad minim veniam,NULL,0,2/29/2024
608,113,message,Sed do eiusmod tempor incididunt ut labore et dolore magna aliqua.,NULL,0,2/29/2024
609,224,story,consectetur adipiscing elit.,NULL,1,2/29/2024
610,584,story,Sed do eiusmod tempor incididunt ut labore et dolore magna aliqua.,123,1,2/29/2024
611,80,story,Lorem ipsum dolor sit amet,NULL,0,2/29/2024
612,365,message,Ut enim ad minim veniam,123,0,2/29/2024
613,489,message,consectetur adipiscing elit.,123,0,2/29/2024
614,210,message,Lorem ipsum dolor sit amet,NULL,1,2/29/2024
615,812,message,Lorem ipsum dolor sit amet,456,0,2/29/2024
616,859,message,Lorem ipsum dolor sit amet,789,0,2/29/2024
617,674,story,consectetur adipiscing elit.,NULL,0,2/29/2024
618,167,story,Ut enim ad minim veniam,123,1,2/29/2024
619,613,story,Sed do eiusmod tempor incididunt ut labore et dolore magna aliqua.,123,0,2/29/2024
620,255,message,consectetur adipiscing elit.,NULL,1,2/29/2024
621,824,story,Lorem ipsum dolor sit amet,789,0,2/29/2024
622,676,story,Ut enim ad minim veniam,456,1,2/29/2024
623,168,message,Lorem ipsum dolor sit amet,NULL,0,2/29/2024
624,438,message,quis nostrud exercitation ullamco laboris nisi ut aliquip ex ea commodo consequat.,789,0,2/29/2024
625,248,story,Ut enim ad minim veniam,123,1,2/29/2024
626,666,message,Sed do eiusmod tempor incididunt ut labore et dolore magna aliqua.,789,1,2/29/2024
627,118,message,consectetur adipiscing elit.,789,1,2/29/2024
628,250,story,Lorem ipsum dolor sit amet,123,0,2/29/2024
629,762,story,Sed do eiusmod tempor incididunt ut labore et dolore magna aliqua.,456,0,2/29/2024
630,104,story,Ut enim ad minim veniam,789,1,2/29/2024
631,305,message,consectetur adipiscing elit.,789,1,2/29/2024
632,699,story,consectetur adipiscing elit.,789,1,2/29/2024
633,64,story,Ut enim ad minim veniam,789,1,2/29/2024
634,346,story,consectetur adipiscing elit.,456,1,2/29/2024
635,778,story,Lorem ipsum dolor sit amet,456,0,2/29/2024
636,316,message,quis nostrud exercitation ullamco laboris nisi ut aliquip ex ea commodo consequat.,123,0,2/29/2024
637,135,message,Lorem ipsum dolor sit amet,123,1,2/29/2024
638,671,story,consectetur adipiscing elit.,456,0,2/29/2024
639,541,message,Sed do eiusmod tempor incididunt ut labore et dolore magna aliqua.,456,0,2/29/2024
640,536,story,quis nostrud exercitation ullamco laboris nisi ut aliquip ex ea commodo consequat.,456,0,2/29/2024
641,864,story,quis nostrud exercitation ullamco laboris nisi ut aliquip ex ea commodo consequat.,NULL,1,2/29/2024
642,60,message,quis nostrud exercitation ullamco laboris nisi ut aliquip ex ea commodo consequat.,123,1,2/29/2024
643,447,story,Sed do eiusmod tempor incididunt ut labore et dolore magna aliqua.,NULL,0,2/29/2024
644,731,story,consectetur adipiscing elit.,789,0,2/29/2024
645,879,message,Sed do eiusmod tempor incididunt ut labore et dolore magna aliqua.,NULL,1,2/29/2024
646,398,message,Sed do eiusmod tempor incididunt ut labore et dolore magna aliqua.,123,0,2/29/2024
647,718,message,quis nostrud exercitation ullamco laboris nisi ut aliquip ex ea commodo consequat.,789,0,2/29/2024
648,520,story,Ut enim ad minim veniam,456,0,2/29/2024
649,680,story,consectetur adipiscing elit.,NULL,1,2/29/2024
650,374,story,Ut enim ad minim veniam,123,0,2/29/2024
651,575,message,Lorem ipsum dolor sit amet,789,0,2/29/2024
652,375,message,quis nostrud exercitation ullamco laboris nisi ut aliquip ex ea commodo consequat.,456,0,2/29/2024
653,205,message,Lorem ipsum dolor sit amet,789,0,2/29/2024
654,753,story,consectetur adipiscing elit.,NULL,1,2/29/2024
655,855,message,Ut enim ad minim veniam,456,0,2/29/2024
656,858,story,Ut enim ad minim veniam,456,1,2/29/2024
657,488,message,Lorem ipsum dolor sit amet,789,0,2/29/2024
658,94,message,Sed do eiusmod tempor incididunt ut labore et dolore magna aliqua.,NULL,1,2/29/2024
659,119,message,Lorem ipsum dolor sit amet,123,1,2/29/2024
660,513,story,quis nostrud exercitation ullamco laboris nisi ut aliquip ex ea commodo consequat.,123,1,2/29/2024
661,209,story,Ut enim ad minim veniam,NULL,0,2/29/2024
662,197,story,quis nostrud exercitation ullamco laboris nisi ut aliquip ex ea commodo consequat.,456,0,2/29/2024
663,306,story,Lorem ipsum dolor sit amet,789,0,2/29/2024
664,924,message,Ut enim ad minim veniam,789,0,2/29/2024
665,971,message,Lorem ipsum dolor sit amet,456,1,2/29/2024
666,834,story,Ut enim ad minim veniam,789,0,2/29/2024
667,23,message,Sed do eiusmod tempor incididunt ut labore et dolore magna aliqua.,789,1,2/29/2024
668,662,story,Sed do eiusmod tempor incididunt ut labore et dolore magna aliqua.,123,0,2/29/2024
669,802,story,quis nostrud exercitation ullamco laboris nisi ut aliquip ex ea commodo consequat.,456,0,2/29/2024
670,242,message,Ut enim ad minim veniam,789,0,2/29/2024
671,561,story,consectetur adipiscing elit.,789,0,2/29/2024
672,281,story,quis nostrud exercitation ullamco laboris nisi ut aliquip ex ea commodo consequat.,789,1,2/29/2024
673,618,message,Lorem ipsum dolor sit amet,NULL,0,2/29/2024
674,797,story,consectetur adipiscing elit.,789,1,2/29/2024
675,933,story,Ut enim ad minim veniam,NULL,0,2/29/2024
676,456,story,consectetur adipiscing elit.,NULL,1,2/29/2024
677,798,story,Lorem ipsum dolor sit amet,123,1,2/29/2024
678,46,story,Lorem ipsum dolor sit amet,123,0,2/29/2024
679,551,message,consectetur adipiscing elit.,123,1,2/29/2024
680,869,story,quis nostrud exercitation ullamco laboris nisi ut aliquip ex ea commodo consequat.,123,0,2/29/2024
681,188,message,Sed do eiusmod tempor incididunt ut labore et dolore magna aliqua.,456,0,2/29/2024
682,341,message,quis nostrud exercitation ullamco laboris nisi ut aliquip ex ea commodo consequat.,123,1,2/29/2024
683,837,message,Sed do eiusmod tempor incididunt ut labore et dolore magna aliqua.,123,0,2/29/2024
684,447,story,Sed do eiusmod tempor incididunt ut labore et dolore magna aliqua.,123,0,2/29/2024
685,490,message,quis nostrud exercitation ullamco laboris nisi ut aliquip ex ea commodo consequat.,789,0,2/29/2024
686,360,story,Ut enim ad minim veniam,456,0,2/29/2024
687,258,message,Lorem ipsum dolor sit amet,NULL,0,2/29/2024
688,890,message,Ut enim ad minim veniam,456,1,2/29/2024
689,178,story,Lorem ipsum dolor sit amet,123,0,2/29/2024
690,662,story,Sed do eiusmod tempor incididunt ut labore et dolore magna aliqua.,NULL,0,2/29/2024
691,139,message,quis nostrud exercitation ullamco laboris nisi ut aliquip ex ea commodo consequat.,789,1,2/29/2024
692,568,message,consectetur adipiscing elit.,123,0,2/29/2024
693,518,message,Ut enim ad minim veniam,456,0,2/29/2024
694,914,message,Sed do eiusmod tempor incididunt ut labore et dolore magna aliqua.,123,0,2/29/2024
695,784,story,Sed do eiusmod tempor incididunt ut labore et dolore magna aliqua.,NULL,0,2/29/2024
696,445,story,Sed do eiusmod tempor incididunt ut labore et dolore magna aliqua.,NULL,0,2/29/2024
697,413,story,consectetur adipiscing elit.,NULL,0,2/29/2024
698,867,story,Sed do eiusmod tempor incididunt ut labore et dolore magna aliqua.,456,0,2/29/2024
699,690,story,Sed do eiusmod tempor incididunt ut labore et dolore magna aliqua.,789,1,2/29/2024
700,941,story,consectetur adipiscing elit.,123,0,2/29/2024
701,262,message,Ut enim ad minim veniam,789,0,2/29/2024
702,433,message,Ut enim ad minim veniam,456,0,2/29/2024
703,212,story,Lorem ipsum dolor sit amet,NULL,1,2/29/2024
704,887,story,Ut enim ad minim veniam,456,1,2/29/2024
705,661,story,Sed do eiusmod tempor incididunt ut labore et dolore magna aliqua.,456,0,2/29/2024
706,49,message,Ut enim ad minim veniam,789,1,2/29/2024
707,724,message,Lorem ipsum dolor sit amet,789,1,2/29/2024
708,140,story,Sed do eiusmod tempor incididunt ut labore et dolore magna aliqua.,NULL,0,2/29/2024
709,387,message,Lorem ipsum dolor sit amet,NULL,0,2/29/2024
710,530,story,quis nostrud exercitation ullamco laboris nisi ut aliquip ex ea commodo consequat.,123,0,2/29/2024
711,231,story,consectetur adipiscing elit.,NULL,0,2/29/2024
712,766,story,Sed do eiusmod tempor incididunt ut labore et dolore magna aliqua.,456,1,2/29/2024
713,455,story,consectetur adipiscing elit.,789,0,2/29/2024
714,212,message,Sed do eiusmod tempor incididunt ut labore et dolore magna aliqua.,456,1,2/29/2024
715,602,message,Sed do eiusmod tempor incididunt ut labore et dolore magna aliqua.,789,0,2/29/2024
716,928,story,quis nostrud exercitation ullamco laboris nisi ut aliquip ex ea commodo consequat.,456,1,2/29/2024
717,629,story,Sed do eiusmod tempor incididunt ut labore et dolore magna aliqua.,456,0,2/29/2024
718,807,message,Lorem ipsum dolor sit amet,123,1,2/29/2024
719,152,message,Ut enim ad minim veniam,123,0,2/29/2024
720,684,story,consectetur adipiscing elit.,123,1,2/29/2024
721,993,story,Sed do eiusmod tempor incididunt ut labore et dolore magna aliqua.,123,1,2/29/2024
722,963,message,Sed do eiusmod tempor incididunt ut labore et dolore magna aliqua.,456,0,2/29/2024
723,261,story,consectetur adipiscing elit.,789,0,2/29/2024
724,150,story,Lorem ipsum dolor sit amet,789,0,2/29/2024
725,487,message,quis nostrud exercitation ullamco laboris nisi ut aliquip ex ea commodo consequat.,123,0,2/29/2024
726,92,story,consectetur adipiscing elit.,456,0,2/29/2024
727,277,message,Ut enim ad minim veniam,456,0,2/29/2024
728,187,story,quis nostrud exercitation ullamco laboris nisi ut aliquip ex ea commodo consequat.,456,1,2/29/2024
729,183,message,quis nostrud exercitation ullamco laboris nisi ut aliquip ex ea commodo consequat.,456,0,2/29/2024
730,198,message,quis nostrud exercitation ullamco laboris nisi ut aliquip ex ea commodo consequat.,123,0,2/29/2024
731,662,message,Lorem ipsum dolor sit amet,NULL,1,2/29/2024
732,868,story,quis nostrud exercitation ullamco laboris nisi ut aliquip ex ea commodo consequat.,NULL,1,2/29/2024
733,539,story,Lorem ipsum dolor sit amet,NULL,0,2/29/2024
734,679,story,Sed do eiusmod tempor incididunt ut labore et dolore magna aliqua.,789,0,2/29/2024
735,925,message,Sed do eiusmod tempor incididunt ut labore et dolore magna aliqua.,789,1,2/29/2024
736,79,message,quis nostrud exercitation ullamco laboris nisi ut aliquip ex ea commodo consequat.,123,1,2/29/2024
737,955,story,quis nostrud exercitation ullamco laboris nisi ut aliquip ex ea commodo consequat.,123,1,2/29/2024
738,515,message,consectetur adipiscing elit.,NULL,0,2/29/2024
739,480,message,quis nostrud exercitation ullamco laboris nisi ut aliquip ex ea commodo consequat.,789,1,2/29/2024
740,709,story,Sed do eiusmod tempor incididunt ut labore et dolore magna aliqua.,456,0,2/29/2024
741,755,message,Sed do eiusmod tempor incididunt ut labore et dolore magna aliqua.,NULL,0,2/29/2024
742,913,message,quis nostrud exercitation ullamco laboris nisi ut aliquip ex ea commodo consequat.,456,1,2/29/2024
743,592,story,Lorem ipsum dolor sit amet,NULL,1,2/29/2024
744,710,message,Ut enim ad minim veniam,456,0,2/29/2024
745,712,story,consectetur adipiscing elit.,NULL,0,2/29/2024
746,674,message,Lorem ipsum dolor sit amet,NULL,0,2/29/2024
747,225,message,consectetur adipiscing elit.,789,0,2/29/2024
748,162,story,Ut enim ad minim veniam,123,1,2/29/2024
749,511,story,quis nostrud exercitation ullamco laboris nisi ut aliquip ex ea commodo consequat.,789,0,2/29/2024
750,363,story,Lorem ipsum dolor sit amet,789,0,2/29/2024
751,523,message,Lorem ipsum dolor sit amet,789,0,2/29/2024
752,913,story,Ut enim ad minim veniam,123,0,2/29/2024
753,108,message,quis nostrud exercitation ullamco laboris nisi ut aliquip ex ea commodo consequat.,456,0,2/29/2024
754,530,message,quis nostrud exercitation ullamco laboris nisi ut aliquip ex ea commodo consequat.,789,0,2/29/2024
755,585,message,Lorem ipsum dolor sit amet,456,1,2/29/2024
756,455,message,consectetur adipiscing elit.,123,1,2/29/2024
757,531,story,Ut enim ad minim veniam,NULL,1,2/29/2024
758,819,message,quis nostrud exercitation ullamco laboris nisi ut aliquip ex ea commodo consequat.,123,1,2/29/2024
759,118,story,Ut enim ad minim veniam,123,1,2/29/2024
760,999,story,consectetur adipiscing elit.,456,1,2/29/2024
761,737,message,Ut enim ad minim veniam,NULL,1,2/29/2024
762,469,message,Ut enim ad minim veniam,789,1,2/29/2024
763,370,story,quis nostrud exercitation ullamco laboris nisi ut aliquip ex ea commodo consequat.,123,1,2/29/2024
764,374,message,Sed do eiusmod tempor incididunt ut labore et dolore magna aliqua.,123,1,2/29/2024
765,250,story,consectetur adipiscing elit.,789,1,2/29/2024
766,821,message,Lorem ipsum dolor sit amet,789,1,2/29/2024
767,292,story,Lorem ipsum dolor sit amet,NULL,1,2/29/2024
768,169,story,Lorem ipsum dolor sit amet,123,0,2/29/2024
769,257,story,Ut enim ad minim veniam,123,1,2/29/2024
770,760,story,Lorem ipsum dolor sit amet,NULL,1,2/29/2024
771,868,story,Lorem ipsum dolor sit amet,789,0,2/29/2024
772,695,message,consectetur adipiscing elit.,NULL,0,2/29/2024
773,780,story,Lorem ipsum dolor sit amet,123,1,2/29/2024
774,792,message,quis nostrud exercitation ullamco laboris nisi ut aliquip ex ea commodo consequat.,123,1,2/29/2024
775,172,story,Lorem ipsum dolor sit amet,456,0,2/29/2024
776,297,message,Lorem ipsum dolor sit amet,123,0,2/29/2024
777,423,message,Lorem ipsum dolor sit amet,NULL,1,2/29/2024
778,734,message,quis nostrud exercitation ullamco laboris nisi ut aliquip ex ea commodo consequat.,789,1,2/29/2024
779,273,story,Sed do eiusmod tempor incididunt ut labore et dolore magna aliqua.,456,0,2/29/2024
780,980,message,quis nostrud exercitation ullamco laboris nisi ut aliquip ex ea commodo consequat.,456,0,2/29/2024
781,370,story,Ut enim ad minim veniam,456,1,2/29/2024
782,30,message,Lorem ipsum dolor sit amet,789,1,2/29/2024
783,883,message,Ut enim ad minim veniam,123,1,2/29/2024
784,81,message,Lorem ipsum dolor sit amet,456,1,2/29/2024
785,932,story,Ut enim ad minim veniam,789,0,2/29/2024
786,518,story,Lorem ipsum dolor sit amet,NULL,0,2/29/2024
787,485,story,Ut enim ad minim veniam,NULL,0,2/29/2024
788,244,message,Ut enim ad minim veniam,123,1,2/29/2024
789,453,story,Lorem ipsum dolor sit amet,789,1,2/29/2024
790,750,message,Ut enim ad minim veniam,NULL,0,2/29/2024
791,574,message,consectetur adipiscing elit.,NULL,1,2/29/2024
792,254,message,Ut enim ad minim veniam,NULL,0,2/29/2024
793,492,message,Lorem ipsum dolor sit amet,123,0,2/29/2024
794,244,message,quis nostrud exercitation ullamco laboris nisi ut aliquip ex ea commodo consequat.,123,1,2/29/2024
795,817,message,consectetur adipiscing elit.,789,0,2/29/2024
796,548,message,Sed do eiusmod tempor incididunt ut labore et dolore magna aliqua.,123,0,2/29/2024
797,806,message,Lorem ipsum dolor sit amet,123,0,2/29/2024
798,675,message,Lorem ipsum dolor sit amet,123,0,2/29/2024
799,926,message,quis nostrud exercitation ullamco laboris nisi ut aliquip ex ea commodo consequat.,456,0,2/29/2024
800,793,story,quis nostrud exercitation ullamco laboris nisi ut aliquip ex ea commodo consequat.,123,0,2/29/2024
801,635,story,Lorem ipsum dolor sit amet,456,0,2/29/2024
802,514,story,Lorem ipsum dolor sit amet,456,1,2/29/2024
803,718,story,Sed do eiusmod tempor incididunt ut labore et dolore magna aliqua.,123,0,2/29/2024
804,535,story,quis nostrud exercitation ullamco laboris nisi ut aliquip ex ea commodo consequat.,NULL,1,2/29/2024
805,86,message,Lorem ipsum dolor sit amet,789,0,2/29/2024
806,624,story,consectetur adipiscing elit.,123,0,2/29/2024
807,410,message,Sed do eiusmod tempor incididunt ut labore et dolore magna aliqua.,456,1,2/29/2024
808,750,message,quis nostrud exercitation ullamco laboris nisi ut aliquip ex ea commodo consequat.,456,0,2/29/2024
809,585,story,Ut enim ad minim veniam,789,1,2/29/2024
810,727,message,consectetur adipiscing elit.,456,0,2/29/2024
811,150,story,Lorem ipsum dolor sit amet,123,0,2/29/2024
812,682,story,Sed do eiusmod tempor incididunt ut labore et dolore magna aliqua.,NULL,1,2/29/2024
813,750,story,quis nostrud exercitation ullamco laboris nisi ut aliquip ex ea commodo consequat.,123,0,2/29/2024
814,520,story,quis nostrud exercitation ullamco laboris nisi ut aliquip ex ea commodo consequat.,789,1,2/29/2024
815,399,story,Sed do eiusmod tempor incididunt ut labore et dolore magna aliqua.,123,1,2/29/2024
816,336,message,Lorem ipsum dolor sit amet,123,1,2/29/2024
817,206,story,consectetur adipiscing elit.,123,1,2/29/2024
818,979,message,consectetur adipiscing elit.,NULL,0,2/29/2024
819,262,story,consectetur adipiscing elit.,123,1,2/29/2024
820,118,story,Lorem ipsum dolor sit amet,NULL,1,2/29/2024
821,795,message,consectetur adipiscing elit.,456,1,2/29/2024
822,477,message,consectetur adipiscing elit.,789,1,2/29/2024
823,549,message,quis nostrud exercitation ullamco laboris nisi ut aliquip ex ea commodo consequat.,789,0,2/29/2024
824,696,story,Ut enim ad minim veniam,123,1,2/29/2024
825,25,message,Sed do eiusmod tempor incididunt ut labore et dolore magna aliqua.,789,0,2/29/2024
826,892,story,Ut enim ad minim veniam,123,1,2/29/2024
827,515,story,quis nostrud exercitation ullamco laboris nisi ut aliquip ex ea commodo consequat.,NULL,0,2/29/2024
828,74,message,Sed do eiusmod tempor incididunt ut labore et dolore magna aliqua.,456,1,2/29/2024
829,408,message,quis nostrud exercitation ullamco laboris nisi ut aliquip ex ea commodo consequat.,789,1,2/29/2024
830,530,message,Ut enim ad minim veniam,789,0,2/29/2024
831,397,message,Sed do eiusmod tempor incididunt ut labore et dolore magna aliqua.,789,1,2/29/2024
832,340,story,quis nostrud exercitation ullamco laboris nisi ut aliquip ex ea commodo consequat.,123,0,2/29/2024
833,744,message,Lorem ipsum dolor sit amet,123,1,2/29/2024
834,761,message,Lorem ipsum dolor sit amet,456,1,2/29/2024
835,501,story,Lorem ipsum dolor sit amet,456,0,2/29/2024
836,862,message,consectetur adipiscing elit.,NULL,1,2/29/2024
837,739,story,quis nostrud exercitation ullamco laboris nisi ut aliquip ex ea commodo consequat.,456,0,2/29/2024
838,433,message,Ut enim ad minim veniam,123,1,2/29/2024
839,802,message,Ut enim ad minim veniam,456,0,2/29/2024
840,597,story,Sed do eiusmod tempor incididunt ut labore et dolore magna aliqua.,NULL,0,2/29/2024
841,453,message,Sed do eiusmod tempor incididunt ut labore et dolore magna aliqua.,789,1,2/29/2024
842,457,story,Lorem ipsum dolor sit amet,456,0,2/29/2024
843,910,message,quis nostrud exercitation ullamco laboris nisi ut aliquip ex ea commodo consequat.,NULL,0,2/29/2024
844,567,message,Sed do eiusmod tempor incididunt ut labore et dolore magna aliqua.,NULL,1,2/29/2024
845,263,message,Ut enim ad minim veniam,456,1,2/29/2024
846,733,story,Ut enim ad minim veniam,123,0,2/29/2024
847,929,message,Ut enim ad minim veniam,NULL,0,2/29/2024
848,389,message,Ut enim ad minim veniam,NULL,1,2/29/2024
849,865,message,quis nostrud exercitation ullamco laboris nisi ut aliquip ex ea commodo consequat.,NULL,1,2/29/2024
850,834,message,Lorem ipsum dolor sit amet,NULL,0,2/29/2024
851,785,story,Sed do eiusmod tempor incididunt ut labore et dolore magna aliqua.,NULL,1,2/29/2024
852,622,message,Sed do eiusmod tempor incididunt ut labore et dolore magna aliqua.,NULL,0,2/29/2024
853,738,message,consectetur adipiscing elit.,NULL,0,2/29/2024
854,410,story,consectetur adipiscing elit.,789,0,2/29/2024
855,105,story,consectetur adipiscing elit.,123,0,2/29/2024
856,528,message,Lorem ipsum dolor sit amet,789,0,2/29/2024
857,62,message,consectetur adipiscing elit.,123,0,2/29/2024
858,806,story,Ut enim ad minim veniam,456,0,2/29/2024
859,397,message,Lorem ipsum dolor sit amet,NULL,0,2/29/2024
860,240,message,quis nostrud exercitation ullamco laboris nisi ut aliquip ex ea commodo consequat.,456,0,2/29/2024
861,771,message,Lorem ipsum dolor sit amet,123,0,2/29/2024
862,310,message,Sed do eiusmod tempor incididunt ut labore et dolore magna aliqua.,789,0,2/29/2024
863,704,story,Lorem ipsum dolor sit amet,789,0,2/29/2024
864,117,story,quis nostrud exercitation ullamco laboris nisi ut aliquip ex ea commodo consequat.,456,0,2/29/2024
865,853,message,Ut enim ad minim veniam,789,0,2/29/2024
866,795,story,quis nostrud exercitation ullamco laboris nisi ut aliquip ex ea commodo consequat.,456,0,2/29/2024
867,516,story,quis nostrud exercitation ullamco laboris nisi ut aliquip ex ea commodo consequat.,789,0,2/29/2024
868,43,story,consectetur adipiscing elit.,456,0,2/29/2024
869,484,message,Sed do eiusmod tempor incididunt ut labore et dolore magna aliqua.,456,1,2/29/2024
870,256,story,Lorem ipsum dolor sit amet,456,1,2/29/2024
871,588,story,consectetur adipiscing elit.,NULL,0,2/29/2024
872,439,message,Ut enim ad minim veniam,789,0,2/29/2024
873,640,story,consectetur adipiscing elit.,456,1,2/29/2024
874,111,message,Ut enim ad minim veniam,456,0,2/29/2024
875,765,story,consectetur adipiscing elit.,123,1,2/29/2024
876,280,story,Ut enim ad minim veniam,NULL,0,2/29/2024
877,299,story,consectetur adipiscing elit.,789,1,2/29/2024
878,39,story,Ut enim ad minim veniam,789,0,2/29/2024
879,143,message,Ut enim ad minim veniam,456,0,2/29/2024
880,315,message,Lorem ipsum dolor sit amet,123,1,2/29/2024
881,672,story,Lorem ipsum dolor sit amet,NULL,1,2/29/2024
882,597,story,Lorem ipsum dolor sit amet,456,1,2/29/2024
883,495,story,consectetur adipiscing elit.,789,1,2/29/2024
884,227,message,Lorem ipsum dolor sit amet,456,0,2/29/2024
885,715,message,consectetur adipiscing elit.,NULL,1,2/29/2024
886,700,story,Sed do eiusmod tempor incididunt ut labore et dolore magna aliqua.,789,0,2/29/2024
887,112,message,Ut enim ad minim veniam,456,1,2/29/2024
888,597,message,quis nostrud exercitation ullamco laboris nisi ut aliquip ex ea commodo consequat.,789,0,2/29/2024
889,375,message,Sed do eiusmod tempor incididunt ut labore et dolore magna aliqua.,123,0,2/29/2024
890,452,story,quis nostrud exercitation ullamco laboris nisi ut aliquip ex ea commodo consequat.,456,1,2/29/2024
891,577,story,Lorem ipsum dolor sit amet,NULL,1,2/29/2024
892,652,story,quis nostrud exercitation ullamco laboris nisi ut aliquip ex ea commodo consequat.,NULL,1,2/29/2024
893,697,story,quis nostrud exercitation ullamco laboris nisi ut aliquip ex ea commodo consequat.,456,0,2/29/2024
894,68,message,Ut enim ad minim veniam,NULL,1,2/29/2024
895,536,story,Lorem ipsum dolor sit amet,789,1,2/29/2024
896,240,story,Lorem ipsum dolor sit amet,123,0,2/29/2024
897,715,message,Ut enim ad minim veniam,456,1,2/29/2024
898,961,story,consectetur adipiscing elit.,789,1,2/29/2024
899,905,message,Lorem ipsum dolor sit amet,456,1,2/29/2024
900,4,message,consectetur adipiscing elit.,123,0,2/29/2024
901,862,story,Lorem ipsum dolor sit amet,123,0,2/29/2024
902,370,story,Sed do eiusmod tempor incididunt ut labore et dolore magna aliqua.,NULL,1,2/29/2024
903,907,story,Ut enim ad minim veniam,789,1,2/29/2024
904,280,message,consectetur adipiscing elit.,789,0,2/29/2024
905,959,story,quis nostrud exercitation ullamco laboris nisi ut aliquip ex ea commodo consequat.,789,0,2/29/2024
906,776,story,Sed do eiusmod tempor incididunt ut labore et dolore magna aliqua.,789,0,2/29/2024
907,355,story,Lorem ipsum dolor sit amet,123,0,2/29/2024
908,542,story,Ut enim ad minim veniam,789,0,2/29/2024
909,944,message,Lorem ipsum dolor sit amet,NULL,1,2/29/2024
910,383,story,Lorem ipsum dolor sit amet,NULL,0,2/29/2024
911,287,story,consectetur adipiscing elit.,789,1,2/29/2024
912,849,story,Lorem ipsum dolor sit amet,456,1,2/29/2024
913,440,message,Lorem ipsum dolor sit amet,456,1,2/29/2024
914,943,message,Ut enim ad minim veniam,NULL,1,2/29/2024
915,927,message,consectetur adipiscing elit.,123,0,2/29/2024
916,829,message,consectetur adipiscing elit.,123,1,2/29/2024
917,490,story,Sed do eiusmod tempor incididunt ut labore et dolore magna aliqua.,789,1,2/29/2024
918,456,story,Lorem ipsum dolor sit amet,123,1,2/29/2024
919,482,story,quis nostrud exercitation ullamco laboris nisi ut aliquip ex ea commodo consequat.,NULL,0,2/29/2024
920,824,story,Lorem ipsum dolor sit amet,456,0,2/29/2024
921,140,message,Ut enim ad minim veniam,789,0,2/29/2024
922,119,message,consectetur adipiscing elit.,123,0,2/29/2024
923,293,story,Sed do eiusmod tempor incididunt ut labore et dolore magna aliqua.,789,0,2/29/2024
924,615,story,quis nostrud exercitation ullamco laboris nisi ut aliquip ex ea commodo consequat.,789,0,2/29/2024
925,428,message,consectetur adipiscing elit.,789,1,2/29/2024
926,508,story,Sed do eiusmod tempor incididunt ut labore et dolore magna aliqua.,456,0,2/29/2024
927,159,message,quis nostrud exercitation ullamco laboris nisi ut aliquip ex ea commodo consequat.,456,0,2/29/2024
928,405,message,Sed do eiusmod tempor incididunt ut labore et dolore magna aliqua.,456,0,2/29/2024
929,369,story,Ut enim ad minim veniam,456,1,2/29/2024
930,592,story,quis nostrud exercitation ullamco laboris nisi ut aliquip ex ea commodo consequat.,456,1,2/29/2024
931,820,story,quis nostrud exercitation ullamco laboris nisi ut aliquip ex ea commodo consequat.,NULL,1,2/29/2024
932,477,message,quis nostrud exercitation ullamco laboris nisi ut aliquip ex ea commodo consequat.,123,1,2/29/2024
933,744,message,quis nostrud exercitation ullamco laboris nisi ut aliquip ex ea commodo consequat.,123,0,2/29/2024
934,170,message,Sed do eiusmod tempor incididunt ut labore et dolore magna aliqua.,123,1,2/29/2024
935,868,message,Ut enim ad minim veniam,789,0,2/29/2024
936,562,story,quis nostrud exercitation ullamco laboris nisi ut aliquip ex ea commodo consequat.,NULL,1,2/29/2024
937,85,story,quis nostrud exercitation ullamco laboris nisi ut aliquip ex ea commodo consequat.,NULL,1,2/29/2024
938,854,message,consectetur adipiscing elit.,123,1,2/29/2024
939,771,message,consectetur adipiscing elit.,NULL,1,2/29/2024
940,696,story,Sed do eiusmod tempor incididunt ut labore et dolore magna aliqua.,789,1,2/29/2024
941,699,story,Ut enim ad minim veniam,NULL,0,2/29/2024
942,971,story,Lorem ipsum dolor sit amet,456,1,2/29/2024
943,265,story,Lorem ipsum dolor sit amet,123,1,2/29/2024
944,379,story,Ut enim ad minim veniam,789,1,2/29/2024
945,92,message,Sed do eiusmod tempor incididunt ut labore et dolore magna aliqua.,NULL,1,2/29/2024
946,468,story,consectetur adipiscing elit.,123,0,2/29/2024
947,386,message,Sed do eiusmod tempor incididunt ut labore et dolore magna aliqua.,456,0,2/29/2024
948,285,story,consectetur adipiscing elit.,NULL,1,2/29/2024
949,722,message,consectetur adipiscing elit.,456,1,2/29/2024
950,695,story,Lorem ipsum dolor sit amet,456,0,2/29/2024
951,335,message,Ut enim ad minim veniam,123,1,2/29/2024
952,145,message,quis nostrud exercitation ullamco laboris nisi ut aliquip ex ea commodo consequat.,456,0,2/29/2024
953,959,message,Sed do eiusmod tempor incididunt ut labore et dolore magna aliqua.,NULL,1,2/29/2024
954,653,story,quis nostrud exercitation ullamco laboris nisi ut aliquip ex ea commodo consequat.,456,0,2/29/2024
955,304,message,consectetur adipiscing elit.,NULL,1,2/29/2024
956,83,story,Lorem ipsum dolor sit amet,789,0,2/29/2024
957,153,story,Sed do eiusmod tempor incididunt ut labore et dolore magna aliqua.,789,0,2/29/2024
958,796,story,Ut enim ad minim veniam,NULL,1,2/29/2024
959,546,story,Sed do eiusmod tempor incididunt ut labore et dolore magna aliqua.,789,1,2/29/2024
960,18,message,Sed do eiusmod tempor incididunt ut labore et dolore magna aliqua.,789,1,2/29/2024
961,684,message,consectetur adipiscing elit.,NULL,1,2/29/2024
962,530,message,Sed do eiusmod tempor incididunt ut labore et dolore magna aliqua.,789,0,2/29/2024
963,420,story,consectetur adipiscing elit.,123,1,2/29/2024
964,626,message,quis nostrud exercitation ullamco laboris nisi ut aliquip ex ea commodo consequat.,456,0,2/29/2024
965,970,story,consectetur adipiscing elit.,123,0,2/29/2024
966,291,story,Sed do eiusmod tempor incididunt ut labore et dolore magna aliqua.,123,1,2/29/2024
967,746,story,quis nostrud exercitation ullamco laboris nisi ut aliquip ex ea commodo consequat.,456,1,2/29/2024
968,121,story,Sed do eiusmod tempor incididunt ut labore et dolore magna aliqua.,456,0,2/29/2024
969,250,message,consectetur adipiscing elit.,123,1,2/29/2024
970,510,message,consectetur adipiscing elit.,NULL,0,2/29/2024
971,410,story,quis nostrud exercitation ullamco laboris nisi ut aliquip ex ea commodo consequat.,123,1,2/29/2024
972,168,story,consectetur adipiscing elit.,123,1,2/29/2024
973,53,story,Lorem ipsum dolor sit amet,123,1,2/29/2024
974,883,story,quis nostrud exercitation ullamco laboris nisi ut aliquip ex ea commodo consequat.,123,1,2/29/2024
975,35,message,consectetur adipiscing elit.,NULL,1,2/29/2024
976,375,message,Ut enim ad minim veniam,NULL,1,2/29/2024
977,108,message,consectetur adipiscing elit.,456,0,2/29/2024
978,855,message,consectetur adipiscing elit.,789,1,2/29/2024
979,318,story,consectetur adipiscing elit.,789,0,2/29/2024
980,62,story,Lorem ipsum dolor sit amet,NULL,1,2/29/2024
981,846,message,quis nostrud exercitation ullamco laboris nisi ut aliquip ex ea commodo consequat.,456,0,2/29/2024
982,691,message,consectetur adipiscing elit.,789,1,2/29/2024
983,336,message,consectetur adipiscing elit.,NULL,1,2/29/2024
984,876,story,quis nostrud exercitation ullamco laboris nisi ut aliquip ex ea commodo consequat.,123,0,2/29/2024
985,763,message,consectetur adipiscing elit.,NULL,0,2/29/2024
986,770,story,Sed do eiusmod tempor incididunt ut labore et dolore magna aliqua.,123,0,2/29/2024
987,558,message,consectetur adipiscing elit.,456,1,2/29/2024
988,922,story,Ut enim ad minim veniam,456,0,2/29/2024
989,602,story,consectetur adipiscing elit.,456,1,2/29/2024
990,201,story,quis nostrud exercitation ullamco laboris nisi ut aliquip ex ea commodo consequat.,123,0,2/29/2024
991,677,message,Sed do eiusmod tempor incididunt ut labore et dolore magna aliqua.,NULL,1,2/29/2024
992,890,message,Ut enim ad minim veniam,456,0,2/29/2024
993,852,story,Lorem ipsum dolor sit amet,123,0,2/29/2024
994,297,story,Ut enim ad minim veniam,456,1,2/29/2024
995,940,story,quis nostrud exercitation ullamco laboris nisi ut aliquip ex ea commodo consequat.,456,0,2/29/2024
996,95,story,Lorem ipsum dolor sit amet,123,0,2/29/2024
997,855,story,consectetur adipiscing elit.,123,1,2/29/2024
998,983,message,Lorem ipsum dolor sit amet,123,1,2/29/2024
999,563,story,Ut enim ad minim veniam,123,0,2/29/2024
1000,280,message,consectetur adipiscing elit.,NULL,1,2/29/2024
