id,category,name,price_tier,neighborhood,opening hour,closing hour,averag_erating,good_for_kids
1,Greek,TSUMO,cheap,Brooklyn,9:38,19:22,5,false
2,Indian,ChoCho Hot Pot,medium,Bronx,8:57,23:55,4,false
3,Italian,Sky Pavilion,cheap,Harlem,8:06,20:07,4,true
4,Italian,Brasserie VietNam,cheap,Harlem,9:31,23:08,1,false
5,Italian,Le Gratin,expensive,Queens,9:25,18:55,2,true
6,Greek,Una Pizza,cheap,Bronx,8:00,21:29,1,false
7,Mexican,Una Pizza,expensive,Brooklyn,9:54,18:11,1,true
8,Indian,Saigon Shack,cheap,Bronx,10:26,23:58,3,true
9,Greek,the Gramercy Room,cheap,Bronx,9:52,23:45,3,false
10,Mexican,Una Pizza,cheap,Staten Island,10:10,19:55,5,true
11,Italian,Saigon Shack,medium,Bronx,9:39,18:40,3,true
12,Italian,Up Thai,cheap,Bronx,9:44,23:41,1,true
13,Indian,ChoCho Hot Pot,expensive,Queens,10:18,18:40,4,true
14,Italian,Brasserie VietNam,expensive,Manhattan,9:29,21:40,1,true
15,Indian,Sky Pavilion,expensive,Brooklyn,8:05,21:19,5,true
16,Mexican,Le Gratin,expensive,Brooklyn,9:14,23:02,4,true
17,Indian,Mitr Thai,cheap,Brooklyn,8:41,19:11,1,false
18,Greek,Brasserie VietNam,cheap,Manhattan,8:42,18:48,4,false
19,Greek,Sky Pavilion,expensive,Brooklyn,9:24,18:13,1,true
20,Mexican,Little Ruby's Cafe,cheap,Harlem,9:28,23:46,3,true
21,Greek,ChoCho Hot Pot,cheap,Manhattan,10:12,20:07,5,true
22,Italian,Una Pizza,medium,Manhattan,8:25,18:25,3,false
23,Indian,Una Pizza,expensive,Harlem,8:34,23:15,5,true
24,Japanese,TSUMO,expensive,Queens,8:22,22:32,2,false
25,Japanese,TSUMO,medium,Bronx,9:29,21:14,3,true
26,Greek,Brasserie VietNam,cheap,Queens,8:41,21:16,2,false
27,Mexican,Brasserie VietNam,cheap,Harlem,10:13,23:11,4,false
28,Greek,Mitr Thai,expensive,Bronx,8:43,21:50,5,false
29,Mexican,the Gramercy Room,expensive,Brooklyn,10:04,22:07,1,false
30,Greek,Sky Pavilion,cheap,Bronx,9:40,18:33,5,true
31,Italian,Una Pizza,cheap,Harlem,9:32,21:04,5,false
32,Italian,Sky Pavilion,medium,Brooklyn,8:10,22:51,4,false
33,Italian,TSUMO,cheap,Brooklyn,8:49,19:13,3,true
34,Mexican,Una Pizza,medium,Queens,9:29,19:47,4,true
35,Mexican,Up Thai,expensive,Bronx,8:20,18:51,4,true
36,Greek,Le Gratin,expensive,Harlem,9:08,20:37,2,true
37,Japanese,Mitr Thai,medium,Queens,9:54,23:58,1,true
38,Greek,Little Ruby's Cafe,expensive,Harlem,9:01,20:14,1,false
39,Italian,Raku,cheap,Manhattan,9:52,20:22,1,false
40,Greek,Up Thai,medium,Queens,8:02,19:54,5,true
41,Mexican,Brasserie VietNam,expensive,Staten Island,10:31,20:35,1,false
42,Greek,Raku,expensive,Harlem,10:40,22:30,3,true
43,Greek,Raku,expensive,Queens,10:08,19:52,5,true
44,Indian,ChoCho Hot Pot,expensive,Staten Island,8:52,23:28,3,false
45,Mexican,Una Pizza,medium,Bronx,8:51,21:06,4,false
46,Mexican,Saigon Shack,cheap,Brooklyn,9:09,20:39,3,false
47,Mexican,Mitr Thai,medium,Brooklyn,8:54,19:16,2,true
48,Italian,Up Thai,expensive,Staten Island,9:58,19:43,3,true
49,Greek,TSUMO,cheap,Bronx,8:28,21:00,2,false
50,Italian,TSUMO,expensive,Queens,10:21,21:37,4,false
51,Italian,Le Gratin,cheap,Manhattan,8:23,22:41,4,true
52,Mexican,Raku,expensive,Bronx,10:30,18:58,5,true
53,Mexican,TSUMO,expensive,Staten Island,9:03,19:16,1,true
54,Italian,the Gramercy Room,expensive,Harlem,8:25,22:37,1,true
55,Japanese,Up Thai,medium,Brooklyn,10:10,21:32,1,true
56,Japanese,Little Ruby's Cafe,cheap,Staten Island,8:04,22:32,5,false
57,Greek,Sky Pavilion,medium,Harlem,10:29,20:51,4,false
58,Greek,Mitr Thai,cheap,Manhattan,10:42,21:23,1,false
59,Japanese,Sky Pavilion,cheap,Brooklyn,8:03,20:13,5,true
60,Japanese,Sky Pavilion,cheap,Manhattan,9:24,21:19,4,true
61,Indian,TSUMO,cheap,Manhattan,10:36,23:01,2,true
62,Mexican,Saigon Shack,expensive,Bronx,8:34,18:08,3,true
63,Italian,Sky Pavilion,expensive,Manhattan,8:10,22:40,1,false
64,Indian,Le Gratin,expensive,Staten Island,9:47,21:46,2,true
65,Greek,Up Thai,cheap,Manhattan,9:07,18:08,1,true
66,Mexican,Raku,cheap,Bronx,8:24,18:56,5,false
67,Greek,TSUMO,medium,Brooklyn,9:33,20:43,2,true
68,Greek,TSUMO,expensive,Harlem,8:29,18:27,4,true
69,Japanese,the Gramercy Room,medium,Brooklyn,8:24,21:27,2,false
70,Japanese,Saigon Shack,medium,Queens,8:53,19:34,1,true
71,Mexican,TSUMO,medium,Brooklyn,10:08,20:25,5,false
72,Italian,Mitr Thai,expensive,Queens,8:55,19:29,1,true
73,Italian,Mitr Thai,expensive,Manhattan,8:01,19:59,3,true
74,Italian,Una Pizza,expensive,Brooklyn,8:13,23:13,1,false
75,Indian,Le Gratin,expensive,Bronx,9:01,23:27,2,false
76,Mexican,ChoCho Hot Pot,cheap,Harlem,9:25,19:10,5,true
77,Japanese,Saigon Shack,medium,Harlem,8:52,21:39,2,false
78,Greek,Le Gratin,medium,Harlem,10:15,18:59,5,false
79,Greek,Raku,expensive,Staten Island,8:53,22:40,4,false
80,Japanese,Little Ruby's Cafe,medium,Staten Island,8:53,19:07,1,false
81,Indian,Le Gratin,medium,Manhattan,8:17,21:08,1,true
82,Japanese,Mitr Thai,expensive,Bronx,8:32,18:33,5,true
83,Indian,Sky Pavilion,expensive,Harlem,8:43,21:45,5,true
84,Mexican,Le Gratin,expensive,Queens,10:42,23:13,2,false
85,Greek,Little Ruby's Cafe,cheap,Brooklyn,10:07,21:43,3,false
86,Indian,Up Thai,cheap,Queens,8:48,23:00,4,false
87,Japanese,the Gramercy Room,medium,Harlem,10:27,21:23,3,true
88,Mexican,Sky Pavilion,expensive,Harlem,10:05,22:09,1,false
89,Greek,Little Ruby's Cafe,medium,Bronx,9:11,22:06,3,false
90,Indian,Raku,medium,Manhattan,10:35,19:28,4,false
91,Mexican,Little Ruby's Cafe,cheap,Manhattan,9:01,21:54,4,true
92,Japanese,Sky Pavilion,cheap,Manhattan,10:38,22:41,5,false
93,Indian,ChoCho Hot Pot,cheap,Staten Island,8:46,21:10,5,false
94,Italian,Sky Pavilion,cheap,Brooklyn,9:04,23:15,4,true
95,Japanese,Brasserie VietNam,cheap,Staten Island,8:04,20:21,5,true
96,Japanese,Mitr Thai,cheap,Manhattan,10:18,19:00,5,false
97,Indian,TSUMO,expensive,Brooklyn,10:08,22:40,1,true
98,Greek,Little Ruby's Cafe,medium,Bronx,9:19,23:20,4,true
99,Mexican,Le Gratin,cheap,Manhattan,10:04,23:19,2,true
100,Indian,Brasserie VietNam,expensive,Bronx,10:19,20:40,2,false
101,Italian,Mitr Thai,expensive,Queens,9:55,21:53,1,false
102,Greek,Up Thai,expensive,Harlem,9:00,21:46,3,true
103,Indian,TSUMO,expensive,Manhattan,8:08,22:47,1,true
104,Indian,Mitr Thai,expensive,Queens,8:15,20:55,4,true
105,Mexican,Saigon Shack,cheap,Staten Island,9:52,20:01,4,true
106,Indian,the Gramercy Room,cheap,Bronx,8:48,19:05,3,false
107,Mexican,the Gramercy Room,expensive,Brooklyn,10:06,20:43,5,true
108,Japanese,Raku,medium,Brooklyn,10:04,19:11,4,true
109,Greek,TSUMO,medium,Staten Island,8:34,23:49,1,true
110,Greek,Brasserie VietNam,expensive,Brooklyn,9:13,20:33,4,true
111,Italian,Sky Pavilion,cheap,Staten Island,10:20,22:07,5,true
112,Italian,Sky Pavilion,medium,Queens,9:51,18:56,1,false
113,Greek,TSUMO,cheap,Harlem,8:10,22:36,4,true
114,Mexican,ChoCho Hot Pot,expensive,Staten Island,8:44,21:20,3,false
115,Japanese,TSUMO,cheap,Staten Island,8:07,20:36,3,true
116,Greek,the Gramercy Room,cheap,Bronx,10:01,18:45,1,true
117,Greek,Brasserie VietNam,expensive,Queens,10:06,23:43,2,false
118,Mexican,ChoCho Hot Pot,cheap,Staten Island,10:22,20:42,3,false
119,Indian,Le Gratin,expensive,Queens,8:18,21:22,5,false
120,Greek,Saigon Shack,medium,Bronx,8:22,22:53,4,true
121,Italian,Una Pizza,expensive,Manhattan,10:40,18:14,2,true
122,Mexican,TSUMO,medium,Bronx,8:48,21:46,4,false
123,Italian,Mitr Thai,expensive,Brooklyn,10:31,19:13,2,true
124,Mexican,the Gramercy Room,medium,Staten Island,9:06,18:26,1,false
125,Indian,Sky Pavilion,cheap,Manhattan,8:34,21:28,3,true
126,Greek,Una Pizza,medium,Bronx,9:14,19:51,1,false
127,Japanese,Saigon Shack,expensive,Harlem,8:27,18:31,5,true
128,Mexican,Una Pizza,cheap,Staten Island,10:35,19:50,3,false
129,Mexican,Little Ruby's Cafe,cheap,Manhattan,9:17,21:57,1,true
130,Japanese,the Gramercy Room,medium,Bronx,10:06,23:28,4,true
131,Indian,TSUMO,expensive,Staten Island,9:31,18:55,2,true
132,Indian,the Gramercy Room,cheap,Brooklyn,8:18,21:08,1,false
133,Italian,ChoCho Hot Pot,medium,Queens,9:12,23:26,4,false
134,Indian,Saigon Shack,medium,Bronx,10:13,18:37,3,true
135,Mexican,Raku,cheap,Harlem,8:31,19:46,3,false
136,Italian,ChoCho Hot Pot,medium,Harlem,10:40,21:58,4,false
137,Italian,Le Gratin,cheap,Bronx,10:21,22:52,2,true
138,Mexican,ChoCho Hot Pot,medium,Staten Island,9:45,21:33,4,false
139,Japanese,Mitr Thai,medium,Queens,9:56,22:46,5,false
140,Indian,Raku,cheap,Brooklyn,9:31,22:57,2,false
141,Greek,the Gramercy Room,expensive,Manhattan,8:40,20:33,5,true
142,Mexican,Brasserie VietNam,cheap,Manhattan,9:32,23:22,1,false
143,Indian,Up Thai,expensive,Brooklyn,9:46,19:34,4,true
144,Italian,the Gramercy Room,cheap,Manhattan,10:19,21:47,5,true
145,Indian,Up Thai,expensive,Staten Island,10:31,22:58,3,true
146,Italian,Le Gratin,medium,Manhattan,10:31,22:08,2,true
147,Japanese,Up Thai,cheap,Bronx,9:33,21:57,5,true
148,Greek,the Gramercy Room,medium,Harlem,8:04,18:21,3,true
149,Italian,Sky Pavilion,cheap,Manhattan,10:25,20:56,1,false
150,Mexican,Le Gratin,expensive,Harlem,8:13,23:46,1,false
151,Mexican,Le Gratin,expensive,Harlem,9:38,21:03,5,true
152,Japanese,ChoCho Hot Pot,expensive,Staten Island,8:53,20:42,3,true
153,Italian,ChoCho Hot Pot,medium,Brooklyn,9:34,20:16,4,true
154,Mexican,Sky Pavilion,medium,Harlem,9:52,22:34,2,false
155,Indian,TSUMO,expensive,Manhattan,9:21,23:10,4,true
156,Mexican,Up Thai,medium,Brooklyn,8:41,19:29,1,true
157,Japanese,ChoCho Hot Pot,cheap,Staten Island,8:16,21:24,5,true
158,Italian,Le Gratin,expensive,Bronx,8:47,22:45,3,true
159,Italian,Little Ruby's Cafe,expensive,Manhattan,10:40,22:53,3,true
160,Greek,ChoCho Hot Pot,cheap,Queens,10:11,18:24,4,false
161,Greek,Raku,expensive,Manhattan,10:38,18:43,3,false
162,Italian,Raku,medium,Staten Island,10:15,18:08,5,false
163,Mexican,Little Ruby's Cafe,medium,Brooklyn,10:06,23:48,4,true
164,Japanese,the Gramercy Room,medium,Staten Island,10:17,23:33,4,false
165,Japanese,Le Gratin,expensive,Manhattan,8:49,19:46,5,false
166,Japanese,TSUMO,medium,Queens,9:28,20:03,2,true
167,Italian,Little Ruby's Cafe,expensive,Brooklyn,8:40,20:24,5,false
168,Indian,Sky Pavilion,cheap,Harlem,9:25,21:01,2,true
169,Mexican,Little Ruby's Cafe,expensive,Bronx,9:43,20:47,2,false
170,Mexican,Sky Pavilion,medium,Bronx,8:17,22:43,1,false
171,Italian,TSUMO,medium,Manhattan,8:25,23:48,3,false
172,Mexican,Mitr Thai,medium,Staten Island,9:44,23:03,2,false
173,Indian,Raku,medium,Bronx,10:36,22:03,2,false
174,Indian,Saigon Shack,medium,Staten Island,10:14,22:10,4,true
175,Italian,Up Thai,cheap,Bronx,10:08,18:46,5,false
176,Japanese,Little Ruby's Cafe,cheap,Staten Island,8:38,20:32,5,false
177,Japanese,Le Gratin,expensive,Brooklyn,9:28,19:24,5,true
178,Japanese,ChoCho Hot Pot,medium,Harlem,8:29,22:12,1,false
179,Indian,Saigon Shack,medium,Brooklyn,8:38,23:48,5,false
180,Indian,Little Ruby's Cafe,medium,Manhattan,9:29,23:51,2,false
181,Indian,Sky Pavilion,medium,Staten Island,10:12,23:53,1,true
182,Mexican,Mitr Thai,medium,Manhattan,10:26,19:01,4,false
183,Indian,Brasserie VietNam,medium,Staten Island,8:39,22:14,1,true
184,Greek,Una Pizza,expensive,Brooklyn,8:07,21:05,2,true
185,Mexican,ChoCho Hot Pot,cheap,Manhattan,9:05,21:01,5,true
186,Japanese,Le Gratin,expensive,Harlem,9:30,21:38,4,true
187,Italian,Le Gratin,expensive,Manhattan,8:59,23:21,2,false
188,Indian,TSUMO,medium,Staten Island,10:17,20:15,5,false
189,Mexican,Una Pizza,medium,Bronx,10:24,22:01,1,true
190,Italian,TSUMO,expensive,Bronx,10:12,22:47,1,true
191,Greek,Una Pizza,expensive,Brooklyn,8:00,20:54,4,true
192,Greek,TSUMO,cheap,Harlem,8:08,23:04,5,false
193,Italian,Raku,cheap,Staten Island,9:39,22:47,4,true
194,Italian,Le Gratin,cheap,Brooklyn,8:01,20:56,5,true
195,Japanese,Mitr Thai,cheap,Manhattan,10:35,19:09,5,false
196,Italian,TSUMO,cheap,Bronx,10:16,18:28,1,true
197,Greek,the Gramercy Room,cheap,Brooklyn,10:38,18:04,1,true
198,Italian,Little Ruby's Cafe,medium,Staten Island,10:32,20:48,3,true
199,Indian,Le Gratin,expensive,Staten Island,8:00,21:53,2,true
200,Indian,Mitr Thai,medium,Brooklyn,10:19,21:43,2,true
201,Italian,Little Ruby's Cafe,cheap,Staten Island,8:21,23:45,4,false
202,Mexican,Raku,medium,Manhattan,8:51,20:30,1,true
203,Mexican,Saigon Shack,medium,Queens,8:45,18:31,5,true
204,Mexican,the Gramercy Room,medium,Brooklyn,8:41,19:48,5,false
205,Mexican,Saigon Shack,medium,Harlem,8:36,21:30,4,true
206,Italian,Le Gratin,medium,Bronx,9:58,19:10,5,false
207,Italian,Le Gratin,cheap,Queens,8:26,20:47,3,true
208,Greek,Brasserie VietNam,expensive,Harlem,8:32,23:53,2,true
209,Italian,the Gramercy Room,expensive,Queens,9:26,22:10,4,true
210,Japanese,Una Pizza,cheap,Bronx,10:42,21:27,4,false
211,Mexican,ChoCho Hot Pot,expensive,Bronx,9:03,21:29,2,true
212,Japanese,Sky Pavilion,expensive,Brooklyn,8:17,19:59,5,true
213,Indian,Saigon Shack,expensive,Staten Island,10:30,22:52,3,false
214,Greek,TSUMO,cheap,Bronx,10:03,22:08,1,false
215,Italian,Una Pizza,cheap,Brooklyn,8:56,23:19,1,false
216,Mexican,Little Ruby's Cafe,cheap,Harlem,10:18,19:06,1,true
217,Japanese,ChoCho Hot Pot,expensive,Manhattan,10:29,20:36,3,false
218,Greek,Mitr Thai,expensive,Brooklyn,9:52,18:48,4,false
219,Japanese,Little Ruby's Cafe,cheap,Staten Island,10:09,19:53,2,false
220,Italian,TSUMO,cheap,Queens,9:54,21:44,1,false
221,Italian,Brasserie VietNam,medium,Harlem,10:02,22:13,2,true
222,Mexican,Up Thai,cheap,Harlem,9:46,18:32,5,false
223,Indian,Up Thai,expensive,Brooklyn,8:56,20:28,3,false
224,Mexican,Raku,cheap,Manhattan,9:28,18:46,3,true
225,Greek,Sky Pavilion,medium,Bronx,10:21,20:38,2,true
226,Greek,Saigon Shack,medium,Bronx,8:51,18:49,4,false
227,Greek,Brasserie VietNam,medium,Manhattan,9:03,21:50,3,false
228,Mexican,TSUMO,cheap,Staten Island,8:19,21:14,3,true
229,Greek,Mitr Thai,cheap,Bronx,9:09,18:49,1,false
230,Indian,Le Gratin,medium,Bronx,9:24,19:53,1,false
231,Italian,Up Thai,medium,Bronx,9:20,19:50,5,true
232,Japanese,Brasserie VietNam,expensive,Staten Island,10:35,20:34,5,false
233,Greek,Up Thai,expensive,Harlem,8:48,23:39,1,true
234,Mexican,Sky Pavilion,expensive,Manhattan,10:19,23:02,3,false
235,Greek,Saigon Shack,expensive,Brooklyn,9:36,19:52,3,false
236,Italian,Una Pizza,cheap,Queens,9:12,23:11,2,true
237,Mexican,ChoCho Hot Pot,cheap,Staten Island,10:00,22:13,3,true
238,Greek,Sky Pavilion,expensive,Queens,8:19,23:44,3,true
239,Indian,Le Gratin,cheap,Staten Island,9:07,20:52,2,true
240,Italian,Mitr Thai,cheap,Brooklyn,8:12,23:36,4,false
241,Japanese,Mitr Thai,cheap,Staten Island,10:31,22:19,1,false
242,Mexican,Una Pizza,cheap,Bronx,10:22,23:31,5,false
243,Italian,Up Thai,cheap,Brooklyn,8:48,19:57,5,false
244,Greek,Up Thai,expensive,Queens,9:59,21:38,1,true
245,Japanese,Mitr Thai,medium,Staten Island,9:09,21:23,2,true
246,Greek,TSUMO,medium,Manhattan,9:36,19:01,3,true
247,Mexican,Sky Pavilion,medium,Manhattan,8:31,18:17,1,false
248,Mexican,Mitr Thai,medium,Queens,10:33,22:31,4,false
249,Japanese,Mitr Thai,cheap,Staten Island,8:00,18:55,3,true
250,Indian,Raku,expensive,Bronx,9:13,20:40,1,false
251,Indian,Una Pizza,medium,Brooklyn,8:02,23:39,2,true
252,Mexican,Una Pizza,medium,Harlem,8:27,19:13,5,false
253,Japanese,Little Ruby's Cafe,cheap,Harlem,9:17,22:35,3,true
254,Greek,Up Thai,cheap,Queens,9:07,21:47,4,false
255,Italian,the Gramercy Room,expensive,Bronx,9:51,18:37,4,true
256,Japanese,ChoCho Hot Pot,cheap,Bronx,8:17,18:01,2,true
257,Italian,Sky Pavilion,cheap,Harlem,9:50,19:48,5,false
258,Italian,TSUMO,medium,Staten Island,10:11,21:33,2,false
259,Mexican,ChoCho Hot Pot,cheap,Queens,10:31,19:35,1,true
260,Mexican,Brasserie VietNam,expensive,Staten Island,8:17,18:03,2,false
261,Italian,Saigon Shack,cheap,Brooklyn,8:33,23:54,3,true
262,Indian,Little Ruby's Cafe,expensive,Harlem,10:07,23:46,3,true
263,Greek,TSUMO,medium,Brooklyn,10:42,23:36,2,false
264,Greek,ChoCho Hot Pot,cheap,Harlem,8:36,20:03,2,true
265,Italian,Una Pizza,expensive,Manhattan,8:47,18:32,4,false
266,Japanese,Una Pizza,expensive,Brooklyn,10:33,22:36,4,false
267,Japanese,Saigon Shack,medium,Brooklyn,9:30,20:50,1,true
268,Italian,Saigon Shack,cheap,Manhattan,8:19,23:30,3,true
269,Greek,ChoCho Hot Pot,expensive,Bronx,8:05,23:37,4,false
270,Italian,Up Thai,cheap,Brooklyn,10:41,23:21,1,true
271,Italian,Up Thai,expensive,Manhattan,9:42,18:18,5,true
272,Indian,the Gramercy Room,expensive,Brooklyn,9:48,23:22,5,false
273,Italian,Le Gratin,expensive,Bronx,8:11,21:28,4,true
274,Mexican,Brasserie VietNam,cheap,Staten Island,9:58,18:57,5,false
275,Mexican,Up Thai,cheap,Queens,8:37,19:27,2,false
276,Japanese,Raku,medium,Queens,9:12,18:11,5,true
277,Indian,Brasserie VietNam,expensive,Harlem,8:04,22:36,2,true
278,Mexican,TSUMO,expensive,Staten Island,9:17,22:18,3,true
279,Greek,Up Thai,medium,Bronx,8:13,23:50,5,true
280,Mexican,the Gramercy Room,medium,Manhattan,9:10,23:00,4,false
281,Japanese,Mitr Thai,medium,Staten Island,10:10,22:24,4,true
282,Indian,Una Pizza,expensive,Harlem,9:54,22:39,2,false
283,Indian,Raku,cheap,Bronx,9:06,18:17,5,false
284,Italian,Saigon Shack,medium,Brooklyn,10:26,22:17,4,true
285,Italian,TSUMO,expensive,Staten Island,9:36,21:35,5,true
286,Japanese,Mitr Thai,expensive,Manhattan,10:39,22:33,1,false
287,Greek,Sky Pavilion,cheap,Bronx,8:51,23:34,2,false
288,Mexican,Mitr Thai,cheap,Brooklyn,8:26,19:44,5,true
289,Japanese,Up Thai,expensive,Bronx,8:25,19:10,3,false
290,Italian,Le Gratin,medium,Staten Island,9:27,19:07,4,false
291,Japanese,Sky Pavilion,medium,Staten Island,10:41,18:36,2,false
292,Greek,Little Ruby's Cafe,cheap,Brooklyn,9:14,21:15,2,true
293,Japanese,Raku,expensive,Brooklyn,9:54,19:51,3,false
294,Italian,ChoCho Hot Pot,expensive,Brooklyn,10:37,19:58,5,false
295,Japanese,Le Gratin,cheap,Brooklyn,9:14,18:57,4,true
296,Mexican,Brasserie VietNam,medium,Staten Island,10:26,19:48,5,true
297,Mexican,Mitr Thai,cheap,Bronx,8:43,22:47,3,true
298,Italian,Raku,expensive,Brooklyn,10:08,20:53,1,true
299,Italian,TSUMO,expensive,Manhattan,9:14,20:12,3,false
300,Mexican,the Gramercy Room,expensive,Bronx,8:54,20:36,2,true
301,Greek,Raku,cheap,Bronx,8:30,19:59,4,true
302,Japanese,the Gramercy Room,expensive,Brooklyn,9:04,23:18,2,true
303,Indian,Una Pizza,medium,Queens,10:16,19:51,4,true
304,Greek,Up Thai,cheap,Manhattan,8:06,19:51,4,false
305,Japanese,Le Gratin,cheap,Manhattan,9:06,19:46,5,false
306,Japanese,Brasserie VietNam,medium,Bronx,8:46,19:05,5,true
307,Mexican,Raku,expensive,Bronx,10:15,18:56,2,true
308,Greek,Le Gratin,medium,Manhattan,10:33,19:54,2,true
309,Mexican,Raku,expensive,Harlem,9:13,20:26,2,true
310,Mexican,Mitr Thai,expensive,Bronx,9:06,23:16,3,false
311,Italian,Mitr Thai,medium,Bronx,9:10,23:16,5,true
312,Mexican,Le Gratin,cheap,Queens,8:52,23:43,5,true
313,Japanese,Mitr Thai,cheap,Staten Island,10:30,18:51,1,false
314,Japanese,Saigon Shack,medium,Staten Island,9:08,19:32,1,false
315,Mexican,Saigon Shack,medium,Harlem,10:11,22:47,4,true
316,Greek,Little Ruby's Cafe,cheap,Bronx,9:17,20:09,4,true
317,Mexican,Saigon Shack,cheap,Manhattan,9:57,20:25,2,false
318,Mexican,Mitr Thai,expensive,Brooklyn,9:52,20:05,3,false
319,Japanese,Raku,cheap,Queens,8:30,23:42,5,true
320,Indian,Little Ruby's Cafe,expensive,Manhattan,9:58,21:09,2,true
321,Mexican,the Gramercy Room,medium,Brooklyn,8:14,18:45,5,false
322,Japanese,Little Ruby's Cafe,medium,Bronx,9:44,20:22,5,true
323,Indian,Sky Pavilion,expensive,Brooklyn,8:04,22:53,5,true
324,Greek,Saigon Shack,medium,Manhattan,8:47,22:55,3,true
325,Italian,Le Gratin,medium,Bronx,9:06,18:17,3,false
326,Mexican,Sky Pavilion,expensive,Queens,9:18,18:45,5,false
327,Indian,ChoCho Hot Pot,expensive,Staten Island,9:48,18:36,2,false
328,Italian,Le Gratin,cheap,Harlem,8:43,20:06,5,false
329,Greek,Raku,cheap,Staten Island,8:44,23:47,2,false
330,Mexican,Brasserie VietNam,medium,Brooklyn,9:09,23:55,4,true
331,Greek,Sky Pavilion,expensive,Bronx,9:45,22:30,1,false
332,Japanese,Little Ruby's Cafe,expensive,Queens,9:28,23:36,3,true
333,Indian,TSUMO,cheap,Manhattan,8:19,23:33,5,true
334,Japanese,Una Pizza,medium,Brooklyn,10:32,19:44,2,true
335,Greek,Up Thai,medium,Manhattan,8:05,19:55,5,true
336,Greek,Saigon Shack,expensive,Brooklyn,9:01,22:26,5,true
337,Mexican,Little Ruby's Cafe,medium,Manhattan,10:19,22:16,5,true
338,Japanese,TSUMO,cheap,Queens,9:00,20:58,1,true
339,Greek,Una Pizza,expensive,Bronx,8:27,18:10,5,false
340,Italian,Mitr Thai,medium,Bronx,9:52,21:15,5,true
341,Italian,Raku,medium,Bronx,9:30,21:04,1,false
342,Mexican,Little Ruby's Cafe,cheap,Manhattan,8:10,23:04,5,false
343,Italian,Saigon Shack,cheap,Bronx,8:36,23:33,1,true
344,Indian,Saigon Shack,expensive,Queens,9:32,18:55,2,true
345,Italian,Little Ruby's Cafe,expensive,Queens,8:44,19:41,3,false
346,Italian,Up Thai,medium,Staten Island,8:43,18:33,3,false
347,Greek,Saigon Shack,cheap,Harlem,9:48,23:16,2,true
348,Indian,Up Thai,cheap,Queens,9:47,19:07,2,false
349,Japanese,Le Gratin,medium,Bronx,9:49,21:18,4,false
350,Indian,Brasserie VietNam,medium,Staten Island,8:48,19:45,5,true
351,Italian,TSUMO,medium,Brooklyn,8:22,21:15,3,false
352,Indian,Up Thai,cheap,Staten Island,9:28,19:45,1,false
353,Mexican,Up Thai,cheap,Staten Island,8:44,22:18,1,false
354,Italian,the Gramercy Room,medium,Harlem,9:30,19:45,3,true
355,Indian,Raku,expensive,Harlem,10:30,19:27,2,true
356,Mexican,Le Gratin,medium,Brooklyn,10:17,22:04,4,true
357,Japanese,Una Pizza,medium,Staten Island,9:38,19:41,4,false
358,Greek,Una Pizza,expensive,Brooklyn,10:20,20:37,5,false
359,Japanese,Up Thai,cheap,Manhattan,9:42,20:04,3,false
360,Mexican,Little Ruby's Cafe,cheap,Brooklyn,9:22,21:57,5,false
361,Italian,TSUMO,expensive,Staten Island,8:25,21:41,3,true
362,Greek,Sky Pavilion,cheap,Queens,10:22,23:13,2,true
363,Japanese,the Gramercy Room,cheap,Staten Island,10:42,22:36,2,true
364,Mexican,Le Gratin,expensive,Manhattan,8:39,23:24,5,true
365,Italian,Le Gratin,medium,Queens,10:02,22:55,2,true
366,Mexican,Una Pizza,expensive,Manhattan,8:53,19:14,2,true
367,Mexican,ChoCho Hot Pot,cheap,Manhattan,10:23,20:16,2,true
368,Mexican,Little Ruby's Cafe,medium,Staten Island,9:28,23:14,1,false
369,Mexican,Saigon Shack,expensive,Harlem,9:41,22:06,4,true
370,Japanese,TSUMO,cheap,Bronx,9:21,23:26,1,false
371,Japanese,Una Pizza,cheap,Bronx,8:02,19:36,4,true
372,Greek,Una Pizza,medium,Bronx,9:17,23:33,3,true
373,Greek,Le Gratin,cheap,Harlem,10:36,19:22,1,false
374,Mexican,Mitr Thai,cheap,Staten Island,9:43,20:13,5,true
375,Indian,Up Thai,cheap,Queens,8:24,20:43,1,true
376,Greek,Brasserie VietNam,medium,Queens,10:20,23:10,5,false
377,Indian,Una Pizza,cheap,Manhattan,10:41,21:03,2,false
378,Mexican,Brasserie VietNam,medium,Bronx,8:45,19:41,2,false
379,Greek,TSUMO,expensive,Brooklyn,8:19,22:27,1,false
380,Italian,Sky Pavilion,expensive,Staten Island,10:06,23:18,4,true
381,Italian,Una Pizza,medium,Harlem,10:24,23:08,3,true
382,Indian,ChoCho Hot Pot,expensive,Manhattan,9:05,18:11,5,true
383,Indian,the Gramercy Room,expensive,Queens,9:55,18:06,5,false
384,Mexican,the Gramercy Room,cheap,Staten Island,10:32,22:49,1,true
385,Greek,Le Gratin,medium,Manhattan,8:11,21:45,4,true
386,Mexican,Sky Pavilion,cheap,Manhattan,8:12,20:04,1,true
387,Greek,the Gramercy Room,medium,Staten Island,9:09,22:02,4,true
388,Greek,ChoCho Hot Pot,cheap,Queens,10:25,22:30,2,true
389,Greek,Mitr Thai,cheap,Harlem,8:43,19:58,4,true
390,Japanese,Raku,cheap,Bronx,10:24,21:05,4,false
391,Japanese,the Gramercy Room,cheap,Staten Island,8:18,19:06,2,false
392,Japanese,TSUMO,expensive,Queens,8:57,22:38,5,false
393,Greek,Le Gratin,cheap,Harlem,9:13,20:09,3,false
394,Japanese,Sky Pavilion,medium,Staten Island,9:23,21:31,2,true
395,Greek,TSUMO,cheap,Bronx,9:44,21:55,5,true
396,Japanese,Up Thai,cheap,Manhattan,8:35,21:59,2,true
397,Japanese,Raku,medium,Harlem,9:47,20:29,1,false
398,Italian,Little Ruby's Cafe,medium,Bronx,9:08,21:45,2,true
399,Japanese,Raku,cheap,Staten Island,10:35,21:46,3,true
400,Greek,Mitr Thai,expensive,Harlem,9:32,19:10,4,false
401,Mexican,Raku,medium,Harlem,9:33,20:29,5,true
402,Japanese,Brasserie VietNam,medium,Bronx,9:19,18:53,3,false
403,Mexican,Up Thai,cheap,Queens,10:31,23:30,2,false
404,Italian,Mitr Thai,medium,Manhattan,8:52,20:44,4,false
405,Japanese,Brasserie VietNam,cheap,Brooklyn,10:08,22:39,4,false
406,Japanese,the Gramercy Room,medium,Queens,10:01,21:32,4,false
407,Japanese,Sky Pavilion,cheap,Harlem,10:25,19:41,3,false
408,Japanese,ChoCho Hot Pot,medium,Manhattan,9:56,23:34,1,true
409,Mexican,Saigon Shack,medium,Manhattan,8:24,21:38,5,true
410,Japanese,Le Gratin,cheap,Bronx,10:13,20:07,1,false
411,Mexican,Brasserie VietNam,cheap,Brooklyn,10:10,20:28,4,true
412,Greek,Le Gratin,cheap,Staten Island,10:27,20:22,5,true
413,Mexican,Una Pizza,cheap,Bronx,9:05,20:11,2,true
414,Mexican,Little Ruby's Cafe,medium,Staten Island,9:15,22:22,3,true
415,Japanese,Up Thai,medium,Brooklyn,10:28,21:36,4,true
416,Italian,Brasserie VietNam,medium,Harlem,8:00,22:21,1,false
417,Italian,Little Ruby's Cafe,cheap,Bronx,10:15,22:13,3,true
418,Italian,Mitr Thai,expensive,Manhattan,8:56,18:33,1,false
419,Mexican,Le Gratin,medium,Bronx,9:21,23:01,5,true
420,Italian,Le Gratin,cheap,Harlem,9:10,22:50,1,true
421,Italian,Raku,cheap,Queens,10:33,21:58,1,true
422,Japanese,TSUMO,expensive,Bronx,9:26,22:49,5,false
423,Mexican,Brasserie VietNam,cheap,Manhattan,8:23,19:18,1,true
424,Indian,Up Thai,medium,Harlem,10:34,22:05,5,true
425,Italian,Up Thai,medium,Brooklyn,8:34,23:42,2,true
426,Japanese,the Gramercy Room,medium,Manhattan,10:41,20:32,1,false
427,Indian,Up Thai,medium,Queens,8:32,20:37,3,false
428,Greek,Sky Pavilion,expensive,Brooklyn,10:32,19:15,2,false
429,Indian,Little Ruby's Cafe,cheap,Bronx,9:24,20:40,2,false
430,Japanese,Little Ruby's Cafe,cheap,Staten Island,9:01,20:06,2,false
431,Mexican,Le Gratin,medium,Staten Island,10:21,23:32,5,true
432,Japanese,Mitr Thai,medium,Manhattan,8:46,20:30,2,false
433,Mexican,Mitr Thai,cheap,Staten Island,10:07,21:01,3,true
434,Mexican,Le Gratin,cheap,Harlem,10:16,22:13,4,false
435,Japanese,Sky Pavilion,expensive,Staten Island,8:06,22:10,2,false
436,Mexican,Raku,cheap,Queens,9:01,18:31,5,true
437,Japanese,Una Pizza,cheap,Brooklyn,8:58,23:46,5,false
438,Japanese,Saigon Shack,expensive,Bronx,9:30,18:03,3,false
439,Greek,Brasserie VietNam,medium,Staten Island,8:41,21:15,2,true
440,Indian,TSUMO,cheap,Staten Island,8:43,23:15,1,false
441,Greek,Saigon Shack,expensive,Queens,8:38,21:31,1,false
442,Italian,Sky Pavilion,medium,Harlem,9:39,20:19,5,true
443,Mexican,ChoCho Hot Pot,medium,Harlem,8:40,23:54,4,false
444,Italian,the Gramercy Room,cheap,Brooklyn,8:27,21:09,4,false
445,Mexican,Sky Pavilion,medium,Harlem,10:14,22:55,1,false
446,Italian,Una Pizza,cheap,Brooklyn,10:34,20:05,5,true
447,Italian,Mitr Thai,cheap,Manhattan,8:46,21:38,4,true
448,Greek,Up Thai,medium,Staten Island,10:09,18:24,5,false
449,Japanese,Una Pizza,expensive,Manhattan,10:01,19:39,5,false
450,Greek,Little Ruby's Cafe,medium,Queens,9:04,21:23,1,true
451,Mexican,TSUMO,cheap,Staten Island,8:11,19:24,2,true
452,Greek,ChoCho Hot Pot,expensive,Brooklyn,8:49,23:16,5,false
453,Mexican,the Gramercy Room,expensive,Queens,10:34,20:27,4,false
454,Indian,ChoCho Hot Pot,cheap,Brooklyn,10:09,18:40,5,true
455,Japanese,Saigon Shack,expensive,Brooklyn,8:21,22:18,3,true
456,Greek,Little Ruby's Cafe,expensive,Bronx,8:59,22:40,1,true
457,Japanese,ChoCho Hot Pot,expensive,Bronx,10:01,19:27,4,true
458,Japanese,Le Gratin,cheap,Bronx,9:46,21:12,4,false
459,Italian,Una Pizza,expensive,Staten Island,8:59,22:40,5,true
460,Italian,Sky Pavilion,medium,Queens,9:29,20:54,2,false
461,Greek,the Gramercy Room,medium,Bronx,9:56,22:41,2,false
462,Greek,the Gramercy Room,expensive,Queens,8:53,21:59,5,true
463,Japanese,Saigon Shack,medium,Queens,8:28,20:45,1,false
464,Italian,TSUMO,medium,Queens,8:20,20:14,2,true
465,Greek,TSUMO,cheap,Staten Island,10:38,23:12,2,true
466,Japanese,Little Ruby's Cafe,expensive,Harlem,8:21,23:16,3,false
467,Italian,Little Ruby's Cafe,medium,Bronx,8:29,19:18,3,true
468,Greek,Una Pizza,medium,Harlem,8:13,22:19,3,false
469,Greek,the Gramercy Room,cheap,Manhattan,8:16,19:41,5,true
470,Greek,Le Gratin,cheap,Queens,9:39,18:11,3,false
471,Japanese,Up Thai,expensive,Queens,10:29,18:29,1,false
472,Indian,Saigon Shack,medium,Manhattan,9:13,22:16,2,true
473,Japanese,ChoCho Hot Pot,cheap,Staten Island,10:32,21:09,1,false
474,Italian,Raku,expensive,Bronx,8:49,23:00,3,false
475,Greek,Up Thai,cheap,Bronx,8:20,22:24,1,false
476,Indian,Sky Pavilion,cheap,Queens,9:48,18:25,2,true
477,Greek,Brasserie VietNam,expensive,Harlem,10:07,23:51,2,false
478,Greek,Sky Pavilion,expensive,Brooklyn,10:43,23:57,3,false
479,Mexican,Una Pizza,cheap,Queens,10:36,21:11,1,true
480,Italian,the Gramercy Room,expensive,Harlem,9:26,20:41,5,true
481,Italian,the Gramercy Room,medium,Staten Island,10:00,21:34,3,true
482,Japanese,Saigon Shack,expensive,Harlem,8:41,23:56,1,true
483,Italian,Little Ruby's Cafe,cheap,Bronx,10:40,19:56,4,false
484,Indian,TSUMO,cheap,Queens,8:57,18:01,4,true
485,Indian,Le Gratin,expensive,Brooklyn,9:44,19:41,3,true
486,Mexican,Brasserie VietNam,cheap,Harlem,9:06,22:59,1,true
487,Mexican,Le Gratin,expensive,Staten Island,8:10,19:41,4,true
488,Mexican,Mitr Thai,expensive,Manhattan,8:09,18:09,1,true
489,Mexican,the Gramercy Room,medium,Queens,8:10,18:48,3,false
490,Italian,Mitr Thai,cheap,Brooklyn,9:32,21:00,5,false
491,Italian,Mitr Thai,cheap,Harlem,9:13,22:47,3,false
492,Mexican,Little Ruby's Cafe,expensive,Manhattan,8:08,22:11,3,false
493,Japanese,Le Gratin,cheap,Queens,8:54,22:10,1,false
494,Italian,Raku,expensive,Manhattan,8:55,21:58,5,true
495,Italian,ChoCho Hot Pot,expensive,Manhattan,9:01,22:23,5,true
496,Japanese,Little Ruby's Cafe,expensive,Brooklyn,9:53,20:21,1,true
497,Japanese,ChoCho Hot Pot,cheap,Brooklyn,9:00,21:14,2,false
498,Indian,TSUMO,expensive,Harlem,8:26,20:44,4,false
499,Italian,Saigon Shack,medium,Staten Island,10:34,23:22,5,false
500,Japanese,Le Gratin,medium,Queens,8:15,22:02,1,false
501,Greek,Raku,cheap,Staten Island,9:11,23:10,5,false
502,Italian,Le Gratin,expensive,Queens,10:34,22:38,5,false
503,Italian,ChoCho Hot Pot,expensive,Harlem,9:25,19:29,1,true
504,Japanese,Le Gratin,expensive,Brooklyn,9:42,23:43,3,false
505,Japanese,Up Thai,cheap,Harlem,9:29,23:56,4,false
506,Greek,Sky Pavilion,cheap,Bronx,8:10,20:46,3,true
507,Mexican,ChoCho Hot Pot,medium,Harlem,10:11,18:18,4,false
508,Japanese,Raku,medium,Manhattan,9:00,23:07,5,true
509,Japanese,Brasserie VietNam,expensive,Harlem,9:23,22:07,3,true
510,Italian,TSUMO,medium,Brooklyn,8:23,23:30,3,true
511,Indian,Sky Pavilion,medium,Bronx,8:11,21:26,2,true
512,Indian,Up Thai,cheap,Staten Island,9:04,21:15,3,false
513,Italian,Mitr Thai,medium,Harlem,8:17,19:37,2,true
514,Italian,Sky Pavilion,cheap,Manhattan,10:17,21:23,5,true
515,Italian,Brasserie VietNam,cheap,Brooklyn,10:12,19:25,5,false
516,Indian,Little Ruby's Cafe,medium,Brooklyn,8:40,20:14,1,false
517,Italian,Up Thai,medium,Staten Island,10:31,22:02,2,false
518,Greek,Sky Pavilion,medium,Queens,8:16,22:02,4,true
519,Italian,the Gramercy Room,medium,Queens,8:43,22:01,2,false
520,Mexican,ChoCho Hot Pot,cheap,Staten Island,9:47,20:15,4,false
521,Italian,ChoCho Hot Pot,expensive,Manhattan,8:46,21:02,5,true
522,Japanese,ChoCho Hot Pot,cheap,Queens,10:38,22:10,1,false
523,Japanese,ChoCho Hot Pot,medium,Harlem,8:59,19:28,2,true
524,Italian,the Gramercy Room,medium,Bronx,8:29,18:29,5,true
525,Japanese,Little Ruby's Cafe,cheap,Queens,8:40,23:34,2,true
526,Italian,TSUMO,medium,Staten Island,10:15,23:19,4,true
527,Japanese,TSUMO,cheap,Brooklyn,8:08,21:11,3,true
528,Indian,Sky Pavilion,cheap,Brooklyn,8:42,23:03,5,true
529,Japanese,Raku,medium,Bronx,8:52,20:57,3,true
530,Italian,Sky Pavilion,medium,Staten Island,8:26,18:55,1,true
531,Indian,TSUMO,medium,Manhattan,9:24,23:55,5,false
532,Japanese,Up Thai,medium,Manhattan,9:47,19:30,1,false
533,Greek,Mitr Thai,medium,Brooklyn,8:28,21:06,4,false
534,Italian,the Gramercy Room,cheap,Bronx,9:47,18:59,3,false
535,Greek,the Gramercy Room,medium,Bronx,9:05,22:13,1,true
536,Italian,Le Gratin,expensive,Staten Island,9:55,23:39,1,true
537,Mexican,Una Pizza,expensive,Staten Island,10:18,19:13,1,true
538,Mexican,Raku,expensive,Queens,9:36,19:02,2,true
539,Japanese,Una Pizza,medium,Bronx,8:43,22:15,1,true
540,Indian,Brasserie VietNam,medium,Staten Island,8:40,19:33,2,true
541,Mexican,Raku,medium,Bronx,9:43,22:47,1,true
542,Mexican,Brasserie VietNam,cheap,Harlem,8:21,20:07,1,true
543,Mexican,ChoCho Hot Pot,expensive,Harlem,8:36,18:16,3,false
544,Mexican,Le Gratin,expensive,Queens,8:07,22:46,5,false
545,Indian,Le Gratin,expensive,Manhattan,8:52,20:08,3,true
546,Mexican,Mitr Thai,medium,Queens,8:25,20:18,4,false
547,Mexican,ChoCho Hot Pot,medium,Queens,8:25,21:35,5,false
548,Greek,Little Ruby's Cafe,expensive,Bronx,10:09,19:27,2,true
549,Greek,Le Gratin,cheap,Bronx,9:08,20:41,4,true
550,Italian,the Gramercy Room,medium,Staten Island,9:47,20:32,2,false
551,Japanese,Little Ruby's Cafe,expensive,Brooklyn,9:08,21:44,5,true
552,Indian,TSUMO,cheap,Bronx,9:23,20:29,5,false
553,Mexican,Sky Pavilion,cheap,Bronx,8:23,22:19,1,true
554,Greek,TSUMO,expensive,Manhattan,9:14,21:44,3,true
555,Mexican,Mitr Thai,medium,Brooklyn,9:00,20:54,4,true
556,Indian,Up Thai,medium,Harlem,10:16,18:18,1,false
557,Japanese,Mitr Thai,medium,Queens,10:10,23:18,1,true
558,Japanese,ChoCho Hot Pot,expensive,Harlem,10:41,19:19,3,true
559,Italian,Little Ruby's Cafe,expensive,Harlem,8:36,22:10,5,true
560,Mexican,Le Gratin,expensive,Bronx,9:56,23:50,2,false
561,Italian,ChoCho Hot Pot,medium,Harlem,9:55,18:54,3,false
562,Japanese,Le Gratin,expensive,Manhattan,8:31,18:49,3,false
563,Indian,Saigon Shack,cheap,Queens,10:01,21:23,1,true
564,Italian,Brasserie VietNam,cheap,Manhattan,9:31,18:07,3,false
565,Indian,Up Thai,expensive,Queens,8:08,23:30,1,true
566,Mexican,Saigon Shack,cheap,Staten Island,9:37,23:38,1,false
567,Italian,ChoCho Hot Pot,medium,Harlem,9:14,23:39,5,true
568,Italian,Saigon Shack,medium,Brooklyn,10:10,20:12,5,false
569,Greek,Raku,medium,Manhattan,8:20,19:07,5,false
570,Greek,Saigon Shack,expensive,Harlem,9:28,23:22,3,false
571,Japanese,Up Thai,cheap,Bronx,8:41,21:14,2,true
572,Mexican,ChoCho Hot Pot,medium,Harlem,9:36,22:24,1,false
573,Japanese,TSUMO,expensive,Manhattan,9:53,18:28,1,true
574,Italian,Brasserie VietNam,expensive,Harlem,9:16,21:27,3,false
575,Italian,Little Ruby's Cafe,cheap,Bronx,8:39,21:22,4,true
576,Italian,Little Ruby's Cafe,expensive,Bronx,9:22,23:46,2,false
577,Italian,Le Gratin,expensive,Manhattan,9:38,23:16,3,true
578,Japanese,Sky Pavilion,cheap,Harlem,10:35,20:53,4,false
579,Italian,the Gramercy Room,expensive,Staten Island,9:48,18:52,5,true
580,Indian,Una Pizza,cheap,Manhattan,9:01,21:06,4,false
581,Greek,Sky Pavilion,expensive,Harlem,8:48,21:18,3,true
582,Italian,Brasserie VietNam,cheap,Bronx,8:16,20:57,3,false
583,Greek,Le Gratin,cheap,Brooklyn,9:17,22:53,5,false
584,Japanese,Brasserie VietNam,cheap,Harlem,8:32,20:21,5,true
585,Greek,Saigon Shack,cheap,Brooklyn,8:14,20:47,1,true
586,Mexican,Mitr Thai,expensive,Brooklyn,9:29,19:36,2,true
587,Japanese,Sky Pavilion,cheap,Bronx,10:05,19:39,2,true
588,Mexican,the Gramercy Room,expensive,Brooklyn,9:37,18:46,2,false
589,Japanese,Up Thai,medium,Queens,9:14,18:59,3,false
590,Japanese,Le Gratin,cheap,Queens,8:27,19:04,1,true
591,Indian,Saigon Shack,cheap,Brooklyn,8:17,18:20,5,false
592,Italian,Saigon Shack,cheap,Staten Island,10:20,22:35,5,false
593,Japanese,Brasserie VietNam,expensive,Queens,8:46,21:08,4,true
594,Greek,Le Gratin,medium,Staten Island,10:23,21:30,3,true
595,Italian,the Gramercy Room,cheap,Bronx,10:23,23:11,3,true
596,Indian,Little Ruby's Cafe,medium,Queens,8:42,21:59,5,true
597,Mexican,Una Pizza,expensive,Harlem,10:38,21:28,4,false
598,Mexican,Brasserie VietNam,expensive,Brooklyn,9:37,23:17,5,false
599,Indian,Le Gratin,cheap,Harlem,10:30,19:16,3,true
600,Italian,Brasserie VietNam,expensive,Harlem,9:56,23:41,3,false
601,Mexican,Mitr Thai,expensive,Staten Island,8:18,20:01,5,false
602,Indian,Raku,cheap,Staten Island,9:48,20:48,3,true
603,Greek,Raku,cheap,Bronx,10:32,20:05,3,true
604,Mexican,Brasserie VietNam,expensive,Queens,10:33,23:06,1,true
605,Indian,Little Ruby's Cafe,medium,Staten Island,9:40,21:47,4,false
606,Japanese,Mitr Thai,cheap,Queens,8:11,18:01,3,true
607,Greek,Mitr Thai,medium,Staten Island,10:07,18:32,2,false
608,Mexican,Una Pizza,cheap,Harlem,8:06,19:48,4,false
609,Japanese,Una Pizza,expensive,Brooklyn,10:12,22:56,2,true
610,Indian,Brasserie VietNam,medium,Staten Island,8:00,21:07,5,true
611,Mexican,Saigon Shack,cheap,Queens,8:21,21:21,2,true
612,Indian,Up Thai,expensive,Queens,8:52,22:14,1,true
613,Greek,Little Ruby's Cafe,expensive,Bronx,10:23,20:11,2,true
614,Italian,the Gramercy Room,expensive,Brooklyn,8:09,18:49,3,false
615,Mexican,Saigon Shack,cheap,Brooklyn,10:32,20:53,3,true
616,Indian,Raku,expensive,Staten Island,9:50,20:15,2,false
617,Italian,Up Thai,medium,Staten Island,10:41,21:15,2,true
618,Indian,Saigon Shack,cheap,Staten Island,8:14,21:41,1,false
619,Indian,Sky Pavilion,medium,Bronx,9:38,19:36,5,true
620,Mexican,TSUMO,cheap,Staten Island,9:59,20:11,3,false
621,Mexican,Brasserie VietNam,cheap,Bronx,9:48,20:01,4,false
622,Italian,Up Thai,medium,Staten Island,9:12,21:10,1,true
623,Italian,Brasserie VietNam,medium,Brooklyn,10:18,23:23,1,false
624,Mexican,Up Thai,expensive,Harlem,9:07,21:56,2,false
625,Italian,Mitr Thai,cheap,Manhattan,8:09,18:43,5,false
626,Greek,the Gramercy Room,expensive,Manhattan,9:20,21:44,2,false
627,Italian,Sky Pavilion,cheap,Bronx,9:50,20:40,5,false
628,Greek,Up Thai,medium,Bronx,9:25,18:54,5,true
629,Indian,Brasserie VietNam,expensive,Bronx,8:29,19:13,4,true
630,Mexican,Una Pizza,medium,Harlem,10:00,22:03,3,true
631,Mexican,ChoCho Hot Pot,medium,Manhattan,9:53,19:07,1,true
632,Mexican,Mitr Thai,medium,Bronx,10:30,23:36,3,false
633,Indian,Una Pizza,cheap,Harlem,9:31,22:14,3,true
634,Italian,TSUMO,medium,Manhattan,9:51,21:33,4,true
635,Greek,Brasserie VietNam,cheap,Bronx,8:31,19:58,5,true
636,Indian,Saigon Shack,cheap,Staten Island,10:39,20:19,2,false
637,Japanese,Little Ruby's Cafe,cheap,Harlem,8:38,22:51,1,false
638,Greek,Mitr Thai,expensive,Staten Island,8:47,18:44,5,false
639,Italian,the Gramercy Room,cheap,Queens,8:19,22:14,3,false
640,Mexican,Una Pizza,cheap,Brooklyn,9:47,18:37,2,true
641,Mexican,Brasserie VietNam,medium,Brooklyn,9:17,19:54,4,false
642,Indian,Le Gratin,medium,Brooklyn,8:08,23:55,4,true
643,Italian,Little Ruby's Cafe,expensive,Brooklyn,10:19,21:44,2,false
644,Mexican,Up Thai,cheap,Staten Island,8:52,18:30,1,false
645,Indian,Le Gratin,expensive,Bronx,8:59,22:49,4,true
646,Indian,Una Pizza,cheap,Bronx,9:35,18:45,4,true
647,Japanese,Saigon Shack,medium,Queens,9:45,20:48,2,false
648,Indian,Mitr Thai,medium,Brooklyn,9:45,23:00,2,true
649,Indian,Sky Pavilion,expensive,Staten Island,10:42,22:59,3,false
650,Greek,Una Pizza,medium,Manhattan,8:29,22:47,1,false
651,Indian,Sky Pavilion,medium,Queens,9:28,19:55,1,false
652,Indian,TSUMO,medium,Bronx,9:33,18:21,2,true
653,Indian,ChoCho Hot Pot,cheap,Queens,10:11,18:54,4,false
654,Italian,Up Thai,expensive,Brooklyn,10:25,23:35,5,true
655,Mexican,the Gramercy Room,cheap,Queens,9:34,19:12,5,false
656,Indian,Little Ruby's Cafe,medium,Bronx,9:15,23:52,2,false
657,Indian,ChoCho Hot Pot,medium,Staten Island,9:39,18:18,2,true
658,Greek,ChoCho Hot Pot,medium,Staten Island,10:34,19:53,4,false
659,Indian,Sky Pavilion,medium,Queens,10:23,22:35,1,true
660,Italian,Up Thai,cheap,Brooklyn,9:50,19:40,5,true
661,Mexican,Little Ruby's Cafe,medium,Manhattan,8:48,23:31,2,false
662,Indian,Una Pizza,cheap,Harlem,8:37,20:32,1,false
663,Italian,Little Ruby's Cafe,cheap,Brooklyn,9:54,22:52,4,false
664,Indian,Brasserie VietNam,cheap,Staten Island,8:22,22:52,4,false
665,Italian,ChoCho Hot Pot,medium,Queens,10:01,22:09,1,true
666,Greek,the Gramercy Room,cheap,Queens,9:20,22:19,4,true
667,Italian,ChoCho Hot Pot,cheap,Bronx,8:14,19:09,3,false
668,Greek,the Gramercy Room,cheap,Bronx,9:49,19:16,2,true
669,Indian,Sky Pavilion,cheap,Manhattan,10:24,23:15,5,true
670,Mexican,the Gramercy Room,cheap,Manhattan,8:22,20:56,1,true
671,Greek,Sky Pavilion,cheap,Queens,10:03,21:55,1,true
672,Japanese,Brasserie VietNam,expensive,Manhattan,10:02,21:14,5,false
673,Mexican,Una Pizza,cheap,Queens,9:05,23:01,5,false
674,Italian,Mitr Thai,medium,Queens,10:19,19:54,5,true
675,Mexican,Saigon Shack,expensive,Bronx,9:27,18:38,1,false
676,Italian,Le Gratin,medium,Bronx,8:17,23:07,2,false
677,Italian,ChoCho Hot Pot,medium,Harlem,9:16,18:25,1,false
678,Italian,Saigon Shack,expensive,Staten Island,8:18,18:46,3,false
679,Indian,Up Thai,expensive,Bronx,8:34,19:29,5,false
680,Mexican,Up Thai,medium,Bronx,9:51,20:47,1,true
681,Italian,Saigon Shack,expensive,Manhattan,8:07,20:50,3,false
682,Japanese,Una Pizza,cheap,Manhattan,8:40,22:33,2,true
683,Mexican,TSUMO,medium,Harlem,9:09,22:58,3,true
684,Mexican,ChoCho Hot Pot,cheap,Staten Island,9:08,21:29,4,false
685,Mexican,Una Pizza,expensive,Brooklyn,8:27,20:57,2,true
686,Japanese,ChoCho Hot Pot,expensive,Bronx,9:21,21:03,5,true
687,Greek,Mitr Thai,medium,Bronx,9:19,18:45,1,false
688,Japanese,the Gramercy Room,cheap,Harlem,10:09,18:47,2,false
689,Mexican,Le Gratin,expensive,Manhattan,9:15,20:22,1,false
690,Greek,TSUMO,cheap,Queens,9:52,22:44,5,false
691,Japanese,Sky Pavilion,medium,Manhattan,9:30,22:00,5,true
692,Mexican,the Gramercy Room,medium,Brooklyn,8:42,20:54,3,true
693,Italian,the Gramercy Room,expensive,Harlem,8:03,19:46,3,true
694,Japanese,Mitr Thai,expensive,Manhattan,10:43,19:20,2,true
695,Mexican,Up Thai,expensive,Harlem,8:05,21:31,4,false
696,Japanese,Sky Pavilion,expensive,Queens,8:30,21:47,2,false
697,Italian,Raku,cheap,Manhattan,10:09,23:40,2,true
698,Indian,Una Pizza,cheap,Bronx,10:15,23:05,3,false
699,Indian,TSUMO,medium,Manhattan,8:30,21:59,1,false
700,Greek,Saigon Shack,expensive,Bronx,9:52,20:25,4,false
701,Japanese,Little Ruby's Cafe,medium,Queens,8:22,23:17,5,false
702,Greek,Saigon Shack,medium,Brooklyn,8:29,20:42,4,false
703,Greek,ChoCho Hot Pot,medium,Brooklyn,10:18,19:31,3,true
704,Mexican,the Gramercy Room,expensive,Harlem,8:16,23:36,4,true
705,Italian,Raku,cheap,Brooklyn,8:07,21:28,2,true
706,Greek,Una Pizza,expensive,Queens,8:33,22:22,3,true
707,Japanese,Up Thai,expensive,Brooklyn,8:49,23:18,1,false
708,Indian,Le Gratin,medium,Harlem,9:16,21:22,1,false
709,Mexican,Up Thai,cheap,Brooklyn,10:36,19:00,4,true
710,Greek,Saigon Shack,medium,Staten Island,9:48,20:04,5,true
711,Indian,Una Pizza,cheap,Manhattan,9:35,19:03,2,true
712,Indian,ChoCho Hot Pot,expensive,Harlem,9:38,18:50,2,false
713,Italian,Raku,expensive,Brooklyn,8:58,18:08,2,true
714,Japanese,ChoCho Hot Pot,cheap,Brooklyn,8:00,23:10,4,true
715,Indian,TSUMO,cheap,Harlem,9:35,21:57,3,false
716,Mexican,Una Pizza,cheap,Harlem,10:21,21:26,5,false
717,Italian,Saigon Shack,expensive,Staten Island,8:18,23:27,2,true
718,Indian,Brasserie VietNam,medium,Brooklyn,9:33,20:28,1,true
719,Mexican,Saigon Shack,expensive,Staten Island,9:33,18:13,4,true
720,Mexican,the Gramercy Room,medium,Harlem,9:58,21:49,2,true
721,Mexican,Una Pizza,medium,Staten Island,10:29,23:52,1,true
722,Greek,Brasserie VietNam,medium,Manhattan,8:55,18:24,4,true
723,Greek,Le Gratin,cheap,Manhattan,9:57,19:57,1,false
724,Greek,Una Pizza,expensive,Brooklyn,8:56,22:54,1,true
725,Indian,Saigon Shack,medium,Harlem,9:50,18:26,2,false
726,Mexican,Sky Pavilion,medium,Staten Island,10:12,19:58,1,true
727,Japanese,Brasserie VietNam,cheap,Staten Island,9:45,22:14,3,false
728,Mexican,Raku,expensive,Queens,9:55,18:37,5,true
729,Japanese,Le Gratin,medium,Brooklyn,9:13,18:32,3,false
730,Japanese,Saigon Shack,cheap,Harlem,9:17,22:23,5,false
731,Greek,Up Thai,expensive,Staten Island,9:43,21:30,2,false
732,Greek,Mitr Thai,cheap,Staten Island,10:09,23:51,3,true
733,Italian,Little Ruby's Cafe,expensive,Manhattan,9:06,23:01,4,true
734,Greek,Saigon Shack,expensive,Manhattan,9:50,18:50,2,false
735,Indian,Mitr Thai,expensive,Queens,10:01,18:14,3,false
736,Greek,Little Ruby's Cafe,cheap,Harlem,8:38,19:37,2,false
737,Indian,Mitr Thai,medium,Queens,9:54,19:53,4,false
738,Indian,Mitr Thai,cheap,Queens,9:15,22:34,4,false
739,Mexican,Le Gratin,cheap,Staten Island,8:20,19:32,4,false
740,Indian,ChoCho Hot Pot,expensive,Manhattan,8:07,21:32,3,false
741,Greek,Le Gratin,expensive,Bronx,8:31,18:46,1,false
742,Mexican,Sky Pavilion,expensive,Manhattan,9:19,21:55,4,false
743,Japanese,Saigon Shack,cheap,Manhattan,9:58,23:44,5,true
744,Indian,Brasserie VietNam,medium,Harlem,8:37,23:33,2,false
745,Mexican,Brasserie VietNam,expensive,Bronx,8:51,22:20,1,true
746,Indian,Le Gratin,cheap,Manhattan,9:02,22:04,5,true
747,Greek,ChoCho Hot Pot,medium,Brooklyn,10:10,18:37,2,true
748,Greek,Saigon Shack,medium,Manhattan,9:43,22:32,3,false
749,Mexican,Brasserie VietNam,medium,Bronx,8:06,20:12,2,true
750,Indian,Una Pizza,expensive,Queens,8:38,22:22,4,false
751,Japanese,Saigon Shack,cheap,Staten Island,8:21,21:04,5,true
752,Italian,Le Gratin,expensive,Bronx,10:35,18:11,5,true
753,Italian,Up Thai,medium,Harlem,8:14,21:51,5,true
754,Italian,the Gramercy Room,cheap,Bronx,8:41,21:54,1,true
755,Mexican,Brasserie VietNam,cheap,Staten Island,9:26,23:33,2,true
756,Indian,Una Pizza,expensive,Queens,9:36,20:37,1,false
757,Japanese,Una Pizza,expensive,Queens,10:18,23:42,1,false
758,Indian,ChoCho Hot Pot,cheap,Manhattan,9:11,22:02,2,false
759,Indian,Up Thai,expensive,Harlem,9:03,18:14,5,false
760,Indian,Little Ruby's Cafe,cheap,Bronx,10:21,20:44,4,true
761,Italian,Up Thai,medium,Brooklyn,9:26,20:06,4,true
762,Mexican,Up Thai,expensive,Brooklyn,9:20,21:31,4,true
763,Indian,Una Pizza,cheap,Queens,8:47,20:29,4,true
764,Greek,Sky Pavilion,medium,Brooklyn,10:34,23:22,1,false
765,Greek,Una Pizza,medium,Queens,8:04,22:14,5,true
766,Italian,Una Pizza,cheap,Brooklyn,10:40,18:22,3,true
767,Japanese,the Gramercy Room,expensive,Manhattan,10:22,23:22,1,true
768,Japanese,Saigon Shack,cheap,Bronx,10:04,19:44,3,false
769,Greek,the Gramercy Room,cheap,Brooklyn,8:31,21:34,4,true
770,Italian,Una Pizza,medium,Harlem,9:41,20:03,1,false
771,Mexican,Raku,cheap,Harlem,10:29,19:27,5,false
772,Greek,Le Gratin,cheap,Brooklyn,8:43,19:26,3,true
773,Italian,Brasserie VietNam,expensive,Brooklyn,8:33,20:00,4,false
774,Indian,Sky Pavilion,cheap,Bronx,9:19,18:37,2,true
775,Indian,Mitr Thai,expensive,Manhattan,8:07,21:33,5,true
776,Greek,Una Pizza,medium,Manhattan,9:40,20:57,3,true
777,Japanese,Mitr Thai,medium,Bronx,9:32,23:19,4,true
778,Italian,Brasserie VietNam,expensive,Queens,10:07,22:06,3,false
779,Mexican,the Gramercy Room,medium,Harlem,9:31,21:59,2,false
780,Mexican,the Gramercy Room,cheap,Staten Island,8:32,20:55,3,false
781,Japanese,Brasserie VietNam,expensive,Staten Island,8:11,19:15,5,false
782,Indian,TSUMO,expensive,Harlem,9:24,22:22,1,false
783,Greek,Una Pizza,expensive,Staten Island,8:04,21:21,2,false
784,Greek,Up Thai,expensive,Harlem,10:36,18:51,4,false
785,Greek,Little Ruby's Cafe,expensive,Manhattan,8:33,21:26,2,false
786,Italian,TSUMO,expensive,Queens,10:44,19:23,2,true
787,Japanese,Up Thai,cheap,Brooklyn,9:17,20:15,1,false
788,Japanese,Mitr Thai,cheap,Bronx,9:00,18:13,5,false
789,Mexican,Raku,expensive,Staten Island,10:16,18:59,4,true
790,Italian,Mitr Thai,expensive,Manhattan,9:20,20:00,5,true
791,Italian,Up Thai,medium,Manhattan,8:09,23:53,4,true
792,Greek,Mitr Thai,expensive,Bronx,9:21,22:12,1,false
793,Greek,Sky Pavilion,cheap,Harlem,9:00,23:09,3,true
794,Mexican,Le Gratin,cheap,Staten Island,10:33,23:05,5,false
795,Mexican,Brasserie VietNam,cheap,Harlem,8:21,18:07,1,true
796,Greek,Una Pizza,expensive,Staten Island,8:08,20:39,1,true
797,Mexican,Brasserie VietNam,cheap,Harlem,8:36,22:04,3,false
798,Indian,ChoCho Hot Pot,cheap,Queens,8:03,23:18,2,false
799,Greek,Sky Pavilion,cheap,Staten Island,9:04,20:06,2,false
800,Greek,Mitr Thai,medium,Manhattan,10:06,18:34,5,true
801,Italian,ChoCho Hot Pot,cheap,Bronx,8:50,23:19,1,true
802,Italian,Brasserie VietNam,medium,Staten Island,10:04,23:36,3,false
803,Mexican,Saigon Shack,medium,Staten Island,10:01,20:04,5,false
804,Mexican,Mitr Thai,expensive,Queens,9:15,20:46,1,false
805,Mexican,Sky Pavilion,medium,Brooklyn,8:45,22:55,5,true
806,Japanese,Brasserie VietNam,medium,Harlem,10:35,20:56,5,true
807,Italian,Saigon Shack,cheap,Manhattan,10:10,21:44,2,true
808,Italian,Saigon Shack,cheap,Bronx,8:27,21:44,4,true
809,Italian,TSUMO,medium,Staten Island,8:52,19:14,2,true
810,Mexican,Up Thai,cheap,Queens,8:05,18:29,5,false
811,Italian,Mitr Thai,medium,Queens,8:49,21:18,1,true
812,Indian,Le Gratin,cheap,Brooklyn,10:07,19:42,5,false
813,Italian,ChoCho Hot Pot,medium,Manhattan,9:20,18:16,1,false
814,Mexican,Up Thai,cheap,Staten Island,10:14,22:14,1,true
815,Italian,TSUMO,cheap,Manhattan,8:11,21:44,2,false
816,Mexican,Up Thai,medium,Manhattan,10:39,21:37,5,true
817,Greek,Little Ruby's Cafe,medium,Staten Island,9:57,21:51,3,true
818,Japanese,Le Gratin,cheap,Harlem,10:22,21:12,3,false
819,Indian,Mitr Thai,cheap,Brooklyn,8:22,23:58,3,true
820,Italian,Sky Pavilion,cheap,Brooklyn,8:28,20:23,5,false
821,Japanese,TSUMO,medium,Harlem,9:21,20:32,5,true
822,Mexican,Brasserie VietNam,medium,Harlem,9:52,19:07,5,true
823,Mexican,Little Ruby's Cafe,cheap,Bronx,10:12,20:50,2,true
824,Italian,TSUMO,medium,Manhattan,8:07,23:28,4,false
825,Italian,Up Thai,cheap,Bronx,10:00,22:35,5,true
826,Japanese,ChoCho Hot Pot,cheap,Brooklyn,8:25,23:07,3,true
827,Mexican,Raku,expensive,Staten Island,8:23,18:22,4,false
828,Greek,Brasserie VietNam,cheap,Manhattan,10:14,21:46,2,false
829,Japanese,Sky Pavilion,medium,Staten Island,10:11,21:46,2,true
830,Mexican,Sky Pavilion,expensive,Staten Island,8:10,19:40,1,true
831,Italian,Brasserie VietNam,cheap,Manhattan,9:06,20:01,4,false
832,Mexican,Brasserie VietNam,cheap,Harlem,9:38,21:18,1,true
833,Italian,Brasserie VietNam,medium,Staten Island,8:45,21:18,3,false
834,Indian,the Gramercy Room,cheap,Bronx,10:03,20:13,4,false
835,Indian,the Gramercy Room,medium,Staten Island,9:53,22:15,2,true
836,Japanese,Up Thai,expensive,Manhattan,10:14,23:04,2,false
837,Mexican,Little Ruby's Cafe,medium,Queens,10:04,22:53,5,true
838,Italian,Le Gratin,medium,Harlem,10:12,23:12,1,false
839,Greek,Le Gratin,expensive,Brooklyn,8:58,21:08,2,true
840,Indian,Raku,expensive,Brooklyn,10:15,20:28,3,true
841,Mexican,Saigon Shack,medium,Staten Island,8:11,20:54,4,true
842,Italian,the Gramercy Room,cheap,Brooklyn,9:26,20:02,3,true
843,Italian,ChoCho Hot Pot,expensive,Harlem,10:06,23:14,1,false
844,Indian,Up Thai,cheap,Manhattan,9:23,22:40,3,false
845,Japanese,Saigon Shack,cheap,Bronx,10:07,22:42,3,false
846,Mexican,the Gramercy Room,cheap,Bronx,9:14,22:23,2,true
847,Mexican,Mitr Thai,expensive,Bronx,8:28,23:39,5,true
848,Mexican,Una Pizza,cheap,Brooklyn,9:57,20:38,1,true
849,Indian,Mitr Thai,medium,Brooklyn,10:05,23:24,1,false
850,Italian,the Gramercy Room,expensive,Manhattan,8:08,22:44,5,false
851,Mexican,TSUMO,cheap,Staten Island,8:32,23:28,3,true
852,Greek,Up Thai,expensive,Staten Island,10:16,22:14,2,true
853,Indian,Brasserie VietNam,medium,Queens,9:37,22:15,4,true
854,Greek,Brasserie VietNam,cheap,Queens,9:24,19:53,5,true
855,Greek,Brasserie VietNam,expensive,Brooklyn,10:19,19:41,1,false
856,Indian,Brasserie VietNam,medium,Bronx,9:28,21:40,1,false
857,Italian,Up Thai,medium,Brooklyn,8:48,22:42,4,true
858,Japanese,Sky Pavilion,medium,Manhattan,9:05,19:52,4,false
859,Japanese,Raku,cheap,Harlem,9:02,22:21,4,false
860,Indian,ChoCho Hot Pot,medium,Bronx,9:31,23:23,2,false
861,Italian,ChoCho Hot Pot,expensive,Staten Island,9:12,23:41,3,true
862,Greek,Sky Pavilion,medium,Bronx,8:33,20:20,1,true
863,Italian,TSUMO,cheap,Bronx,8:59,20:44,1,true
864,Italian,Saigon Shack,medium,Harlem,9:56,20:30,3,false
865,Indian,Brasserie VietNam,cheap,Brooklyn,8:33,18:57,5,true
866,Japanese,ChoCho Hot Pot,cheap,Manhattan,8:48,23:41,1,false
867,Greek,Le Gratin,medium,Staten Island,9:51,22:23,2,true
868,Mexican,Le Gratin,cheap,Manhattan,9:25,21:34,2,false
869,Italian,Little Ruby's Cafe,cheap,Bronx,9:53,23:44,1,true
870,Indian,Una Pizza,medium,Harlem,10:08,23:11,3,false
871,Italian,Up Thai,medium,Harlem,8:42,23:08,1,true
872,Italian,TSUMO,cheap,Harlem,10:03,22:19,5,true
873,Italian,Le Gratin,medium,Brooklyn,8:31,20:57,5,false
874,Greek,Sky Pavilion,medium,Staten Island,8:47,19:31,4,false
875,Indian,the Gramercy Room,cheap,Manhattan,9:38,19:57,5,false
876,Japanese,Le Gratin,medium,Harlem,9:43,19:05,2,false
877,Greek,Up Thai,cheap,Harlem,8:11,22:00,2,false
878,Mexican,Little Ruby's Cafe,expensive,Harlem,8:59,21:03,3,true
879,Japanese,ChoCho Hot Pot,cheap,Bronx,10:26,20:36,2,false
880,Mexican,Mitr Thai,expensive,Brooklyn,9:23,23:49,3,false
881,Indian,Sky Pavilion,medium,Bronx,10:05,20:38,3,true
882,Italian,Sky Pavilion,expensive,Queens,9:53,22:01,1,true
883,Japanese,Mitr Thai,expensive,Bronx,8:03,19:23,5,true
884,Mexican,Up Thai,cheap,Brooklyn,9:09,23:26,3,false
885,Japanese,Raku,medium,Staten Island,9:48,19:31,2,false
886,Italian,Saigon Shack,cheap,Bronx,10:03,18:11,4,false
887,Greek,Raku,cheap,Queens,8:19,21:19,4,false
888,Indian,TSUMO,expensive,Queens,8:09,18:22,5,true
889,Indian,Sky Pavilion,cheap,Brooklyn,9:12,19:56,5,true
890,Indian,Up Thai,cheap,Queens,10:35,20:54,5,true
891,Greek,Brasserie VietNam,cheap,Queens,9:12,18:27,3,true
892,Indian,Raku,expensive,Brooklyn,10:15,22:23,4,false
893,Indian,Le Gratin,medium,Manhattan,8:38,21:15,3,true
894,Japanese,Saigon Shack,medium,Queens,8:13,19:43,4,false
895,Mexican,Up Thai,medium,Bronx,10:12,20:00,4,true
896,Greek,Up Thai,expensive,Staten Island,8:52,18:41,1,false
897,Indian,Una Pizza,expensive,Brooklyn,8:43,23:52,1,false
898,Mexican,Sky Pavilion,cheap,Manhattan,9:42,23:47,2,true
899,Mexican,the Gramercy Room,cheap,Queens,9:50,23:44,2,false
900,Greek,Saigon Shack,expensive,Manhattan,9:39,19:21,2,false
901,Italian,the Gramercy Room,medium,Manhattan,8:20,23:09,4,false
902,Japanese,Saigon Shack,expensive,Staten Island,8:56,21:55,3,true
903,Mexican,TSUMO,cheap,Manhattan,8:27,18:40,4,false
904,Italian,Una Pizza,expensive,Queens,9:31,19:11,2,true
905,Mexican,Brasserie VietNam,cheap,Brooklyn,8:57,19:06,1,false
906,Italian,TSUMO,cheap,Harlem,9:12,22:52,3,false
907,Japanese,Sky Pavilion,cheap,Brooklyn,8:12,20:17,1,false
908,Japanese,Up Thai,expensive,Bronx,10:23,19:16,3,true
909,Mexican,Mitr Thai,cheap,Queens,10:23,18:44,5,false
910,Japanese,ChoCho Hot Pot,expensive,Brooklyn,8:44,18:36,2,false
911,Japanese,Little Ruby's Cafe,expensive,Staten Island,10:09,20:40,1,true
912,Japanese,Le Gratin,expensive,Queens,9:31,20:10,5,false
913,Italian,Up Thai,medium,Staten Island,8:38,21:37,5,false
914,Indian,ChoCho Hot Pot,cheap,Queens,8:57,20:51,2,true
915,Greek,Saigon Shack,expensive,Brooklyn,9:08,22:55,4,false
916,Mexican,ChoCho Hot Pot,expensive,Manhattan,10:00,20:07,2,false
917,Italian,Up Thai,medium,Bronx,10:44,23:23,1,true
918,Mexican,Saigon Shack,cheap,Brooklyn,9:19,18:07,4,false
919,Indian,Una Pizza,cheap,Brooklyn,9:26,23:39,1,false
920,Indian,Little Ruby's Cafe,medium,Manhattan,8:36,23:40,1,false
921,Japanese,the Gramercy Room,expensive,Queens,9:19,18:57,2,true
922,Greek,Little Ruby's Cafe,expensive,Manhattan,8:07,21:34,2,false
923,Indian,Mitr Thai,expensive,Harlem,9:15,19:47,2,true
924,Italian,Up Thai,cheap,Brooklyn,10:35,22:38,2,false
925,Japanese,Raku,expensive,Queens,8:00,20:11,5,false
926,Mexican,the Gramercy Room,cheap,Manhattan,10:21,21:57,5,true
927,Italian,Saigon Shack,expensive,Bronx,8:33,21:28,4,false
928,Indian,Brasserie VietNam,medium,Harlem,10:16,19:28,5,false
929,Mexican,Raku,medium,Queens,10:09,18:26,3,true
930,Mexican,the Gramercy Room,medium,Brooklyn,9:47,22:40,1,true
931,Greek,ChoCho Hot Pot,medium,Bronx,10:23,23:34,1,true
932,Japanese,the Gramercy Room,medium,Manhattan,10:21,23:16,3,false
933,Indian,the Gramercy Room,medium,Queens,10:30,19:09,2,true
934,Italian,Brasserie VietNam,medium,Brooklyn,8:07,19:38,2,false
935,Indian,the Gramercy Room,expensive,Staten Island,8:22,18:16,4,false
936,Indian,Brasserie VietNam,cheap,Manhattan,9:40,20:22,4,false
937,Greek,ChoCho Hot Pot,cheap,Manhattan,9:09,21:41,4,true
938,Mexican,Little Ruby's Cafe,expensive,Harlem,8:58,20:04,2,true
939,Mexican,Una Pizza,cheap,Harlem,9:51,22:03,3,false
940,Japanese,Brasserie VietNam,medium,Brooklyn,10:31,20:53,4,false
941,Greek,Up Thai,expensive,Harlem,9:03,23:02,5,true
942,Greek,Up Thai,cheap,Queens,8:01,21:47,5,false
943,Greek,TSUMO,cheap,Manhattan,9:09,21:31,4,false
944,Indian,Una Pizza,medium,Queens,8:40,20:23,2,true
945,Italian,Brasserie VietNam,medium,Brooklyn,9:59,21:47,1,false
946,Italian,Up Thai,expensive,Staten Island,9:37,22:07,3,true
947,Indian,Up Thai,cheap,Queens,8:48,21:53,4,true
948,Mexican,Raku,expensive,Staten Island,10:35,18:42,4,false
949,Indian,Le Gratin,expensive,Manhattan,8:46,19:12,3,false
950,Italian,Little Ruby's Cafe,cheap,Queens,8:27,19:03,5,false
951,Indian,Raku,cheap,Brooklyn,10:33,23:50,3,true
952,Greek,Sky Pavilion,expensive,Bronx,8:51,18:01,5,false
953,Indian,ChoCho Hot Pot,medium,Brooklyn,8:32,23:13,2,false
954,Mexican,Una Pizza,cheap,Manhattan,9:35,23:33,3,true
955,Italian,TSUMO,medium,Bronx,8:27,18:52,3,true
956,Indian,Up Thai,expensive,Brooklyn,9:12,22:17,1,false
957,Indian,Sky Pavilion,cheap,Bronx,9:35,18:31,3,false
958,Japanese,Brasserie VietNam,medium,Staten Island,10:39,21:27,2,true
959,Mexican,ChoCho Hot Pot,medium,Brooklyn,9:01,19:42,1,true
960,Mexican,Raku,expensive,Staten Island,9:19,21:00,1,false
961,Japanese,Saigon Shack,expensive,Staten Island,9:36,19:53,1,false
962,Japanese,Una Pizza,cheap,Brooklyn,9:59,19:46,2,true
963,Mexican,Up Thai,medium,Queens,9:50,20:57,4,true
964,Greek,Raku,medium,Bronx,10:42,19:16,5,true
965,Mexican,Raku,cheap,Brooklyn,10:33,23:56,5,true
966,Greek,Mitr Thai,expensive,Bronx,10:43,19:08,3,false
967,Greek,Brasserie VietNam,expensive,Brooklyn,9:46,21:36,1,false
968,Mexican,Brasserie VietNam,cheap,Harlem,8:14,20:27,2,false
969,Indian,Raku,cheap,Staten Island,8:19,20:08,5,false
970,Indian,Le Gratin,cheap,Bronx,10:00,19:07,1,true
971,Italian,Mitr Thai,cheap,Bronx,8:16,18:40,5,true
972,Mexican,Up Thai,expensive,Harlem,9:58,19:48,3,true
973,Japanese,Saigon Shack,medium,Brooklyn,9:16,19:16,4,false
974,Italian,Le Gratin,medium,Brooklyn,8:52,21:22,3,true
975,Italian,ChoCho Hot Pot,expensive,Queens,9:40,19:42,4,true
976,Indian,Raku,medium,Harlem,8:37,18:57,3,false
977,Indian,Le Gratin,cheap,Manhattan,8:35,19:08,1,true
978,Italian,Little Ruby's Cafe,medium,Staten Island,9:23,22:32,2,false
979,Mexican,Sky Pavilion,expensive,Harlem,8:26,23:06,2,true
980,Indian,Little Ruby's Cafe,cheap,Queens,9:44,22:09,4,false
981,Japanese,Mitr Thai,expensive,Manhattan,8:24,21:41,4,true
982,Japanese,ChoCho Hot Pot,cheap,Staten Island,10:44,18:23,1,true
983,Italian,Brasserie VietNam,medium,Harlem,10:08,21:29,4,true
984,Japanese,the Gramercy Room,cheap,Bronx,10:32,23:50,2,true
985,Japanese,Up Thai,medium,Brooklyn,9:30,22:36,4,true
986,Japanese,Up Thai,medium,Harlem,8:47,21:54,1,false
987,Mexican,Una Pizza,expensive,Brooklyn,8:29,21:35,5,false
988,Greek,Sky Pavilion,cheap,Harlem,10:12,20:50,4,false
989,Italian,Up Thai,medium,Staten Island,9:37,19:19,3,false
990,Greek,Up Thai,medium,Bronx,8:13,22:26,2,false
991,Italian,the Gramercy Room,medium,Staten Island,9:47,19:43,3,false
992,Mexican,Little Ruby's Cafe,expensive,Harlem,9:28,22:05,4,true
993,Italian,ChoCho Hot Pot,expensive,Manhattan,10:24,23:33,5,false
994,Mexican,Mitr Thai,cheap,Harlem,9:25,23:46,4,true
995,Indian,Sky Pavilion,cheap,Bronx,10:19,20:08,1,false
996,Indian,Up Thai,medium,Bronx,10:19,20:24,4,true
997,Indian,Una Pizza,medium,Bronx,10:15,20:00,3,false
998,Japanese,Mitr Thai,cheap,Harlem,9:30,23:14,3,false
999,Japanese,Saigon Shack,medium,Brooklyn,9:16,22:19,2,true
1000,Greek,Una Pizza,medium,Bronx,8:10,18:32,5,true
